open_uuid,open_test_uuid,time_utc,cat_technology,network_type,lat,long,loc_src,loc_accuracy,region,municipality,settlement,whitespot,zip_code,download_kbit,upload_kbit,ping_ms,lte_rsrp,server_name,test_duration,num_threads,platform,model,client_version,network_mcc_mnc,network_name,sim_mcc_mnc,nat_type,asn,ip_anonym,ndt_download_kbit,ndt_upload_kbit,implausible,signal_strength,speed_test_duration_ms,cell_id,lac,tags,tcp_open,tcp_total,udp_open,udp_total,packet_loss_down,packet_loss_up,peak_down_kbit,peak_up_kbit
P36af9693-0eb4-493d-83f7-eeb3e4b9d3fc,O07ba6f8b-b127-4d46-96dd-b4ec5f9a4490,2014-11-03 15:23:40,WLAN,WLAN,,,,,,,,,,1116,342,,,CZ.NIC,7,3,Android,LGE Nexus 5,2.0.41,,,,nat_local_to_public_ipv4,6830,213.192.1,,,true,-87,3600000.0,267435655,8240,{111},,,,,,,,
P36af9693-0eb4-493d-83f7-eeb3e4b9d3fc,O71590357-31c9-40a1-86ac-1a802603f50b,2014-11-03 15:43:32,WLAN,WLAN,,,,,,,,,,1214,408,,,CZ.NIC,7,3,Android,LGE Nexus 5,2.0.41,,,,nat_local_to_public_ipv4,6830,213.192.1,,,true,-83,3600000.0,267435655,8240,{111},,,,,,,,
P67650e7b-bc7c-4f9d-a5de-8227ce0052ab,Od12b7a49-1725-40aa-8958-df394dd53968,2014-11-04 08:15:42,WLAN,WLAN,,,,,,,,,,1659,487,,,CZ.NIC,7,3,Android,LGE Nexus 5,2.0.41,,,,nat_local_to_public_ipv4,6830,213.192.1,,,true,-82,3600000.0,267435655,8240,{111},,,,,,,,
P67650e7b-bc7c-4f9d-a5de-8227ce0052ab,O79ad5d56-ee6a-4efe-9708-5d41b33a3248,2014-11-04 08:46:36,WLAN,WLAN,,,,,,,,,,1510,410,,,CZ.NIC,7,3,Android,LGE Nexus 5,2.0.41,,,,nat_local_to_public_ipv4,6830,213.192.1,,,true,-82,3600000.0,267441732,8240,{111},,,,,,,,
P67650e7b-bc7c-4f9d-a5de-8227ce0052ab,Oc976e01e-75ab-42a5-812a-bcef3c553bef,2014-11-04 08:52:48,WLAN,WLAN,,,,,,,,,,1317,397,,,CZ.NIC,7,3,Android,LGE Nexus 5,2.0.41,,,,nat_local_to_public_ipv4,6830,213.192.1,,,true,-81,3600000.0,267441732,8240,{111},,,,,,,,
P67650e7b-bc7c-4f9d-a5de-8227ce0052ab,O943d8053-d79f-4b39-b63a-36c489480752,2014-11-04 09:22:20,WLAN,WLAN,,,,,,,,,,775,431,,,CZ.NIC,7,3,Android,LGE Nexus 5,2.0.41,,,,nat_local_to_public_ipv4,6830,213.192.1,,,true,-79,3600000.0,267435655,8240,{111},,,,,,,,
P67650e7b-bc7c-4f9d-a5de-8227ce0052ab,O403ce345-804d-4233-976f-1ca2be887bc2,2014-11-04 10:18:23,WLAN,WLAN,,,,,,,,,,180,302,,,CZ.NIC,7,3,Android,LGE Nexus 5,2.0.41,,,,nat_local_to_public_ipv4,6830,213.192.1,,,true,-80,3600000.0,267435655,8240,{111},,,,,,,,
P67650e7b-bc7c-4f9d-a5de-8227ce0052ab,O529c00f2-09b0-4c9e-b1c0-2267016e0f01,2014-11-04 10:20:42,WLAN,WLAN,,,,,,,,,,1965,482,,,CZ.NIC,7,3,Android,LGE Nexus 5,2.0.41,,,,nat_local_to_public_ipv4,6830,213.192.1,,,true,-83,3600000.0,267435655,8240,{111},,,,,,,,
P67650e7b-bc7c-4f9d-a5de-8227ce0052ab,O5d9097e1-7154-4696-b29e-0208918ee974,2014-11-04 10:23:16,WLAN,WLAN,,,,,,,,,,1749,476,,,CZ.NIC,7,3,Android,LGE Nexus 5,2.0.41,,,,nat_local_to_public_ipv4,6830,213.192.1,,,true,-82,3600000.0,267435655,8240,{111},,,,,,,,
P67650e7b-bc7c-4f9d-a5de-8227ce0052ab,O390de962-e788-4aa9-ab21-9d4aeb27a13f,2014-11-04 11:42:45,WLAN,WLAN,,,,,,,,,,1471,304,,,CZ.NIC,7,3,Android,LGE Nexus 5,2.0.41,,,,nat_local_to_public_ipv4,6830,213.192.1,,,true,-82,3600000.0,267441732,8240,{111},,,,,,,,
P67650e7b-bc7c-4f9d-a5de-8227ce0052ab,Od267b5be-051d-424f-937d-4a361eacfd71,2014-11-04 11:44:23,WLAN,WLAN,,,,,,,,,,169,226,,,CZ.NIC,7,1,Android,LGE Nexus 5,2.0.41,,,,nat_local_to_public_ipv4,6830,213.192.1,,,true,-79,3600000.0,267441732,8240,{111},,,,,,,,
P67650e7b-bc7c-4f9d-a5de-8227ce0052ab,O82c12a9e-5af9-4371-be14-c38b778af118,2014-11-04 11:48:04,WLAN,WLAN,,,,,,,,,,952,310,,,CZ.NIC,7,1,Android,LGE Nexus 5,2.0.41,,,,nat_local_to_public_ipv4,6830,213.192.1,,,true,-82,3600000.0,267441732,8240,{111},,,,,,,,
P67650e7b-bc7c-4f9d-a5de-8227ce0052ab,O50cd40c0-964d-44dd-8d2f-ca8106422530,2014-11-04 11:52:41,WLAN,WLAN,,,,,,,,,,1479,372,,,CZ.NIC,7,3,Android,LGE Nexus 5,2.0.41,,,,nat_local_to_public_ipv4,6830,213.192.1,,,true,-82,3600000.0,267441732,8240,{111},,,,,,,,
P67650e7b-bc7c-4f9d-a5de-8227ce0052ab,O06f85c37-46d4-4f27-b138-2bbbcb2b5c01,2014-11-04 12:36:44,WLAN,WLAN,,,,,,,,,,1954,311,,,CZ.NIC,7,3,Android,LGE Nexus 5,2.0.41,,,,nat_local_to_public_ipv4,6830,213.192.1,,,true,-83,3600000.0,267425128,8240,{111},,,,,,,,
P67650e7b-bc7c-4f9d-a5de-8227ce0052ab,O06f85c37-46d4-4f27-b138-2bbbcb2b5c01,2014-11-04 12:36:44,WLAN,WLAN,,,,,,,,,,1954,311,,,CZ.NIC,7,3,Android,LGE Nexus 5,2.0.41,,,,nat_local_to_public_ipv4,6830,213.192.1,,,true,-83,3600000.0,267441732,8240,{111},,,,,,,,
P67650e7b-bc7c-4f9d-a5de-8227ce0052ab,O91432453-ad2b-4bb1-8533-9b72b52423fe,2014-11-04 12:42:09,WLAN,WLAN,,,,,,,,,,1881,461,,,CZ.NIC,7,3,Android,LGE Nexus 5,2.0.41,,,,nat_local_to_public_ipv4,6830,213.192.1,,,true,-82,3600000.0,267441732,8240,{111},,,,,,,,
P67650e7b-bc7c-4f9d-a5de-8227ce0052ab,O14dd77bc-32e1-494e-8d3c-947b3e1e1262,2014-11-04 12:45:40,WLAN,WLAN,,,,,,,,,,1405,410,,,CZ.NIC,7,3,Android,LGE Nexus 5,2.0.41,,,,nat_local_to_public_ipv4,6830,213.192.1,,,true,-83,3600000.0,267441732,8240,{111},,,,,,,,
P67650e7b-bc7c-4f9d-a5de-8227ce0052ab,O07f86a4e-caa1-44a5-bd21-11a3f64386af,2014-11-04 13:27:52,WLAN,WLAN,,,,,,,,,,1619,489,,,CZ.NIC,7,3,Android,LGE Nexus 5,2.0.41,,,,nat_local_to_public_ipv4,6830,213.192.1,,,true,-83,3600000.0,267441732,8240,{111},,,,,,,,
P67650e7b-bc7c-4f9d-a5de-8227ce0052ab,Oc749b529-63df-40c7-ba15-5ec8d091d4f1,2014-11-04 13:30:28,WLAN,WLAN,,,,,,,,,,1967,432,,,CZ.NIC,7,3,Android,LGE Nexus 5,2.0.41,,,,nat_local_to_public_ipv4,6830,213.192.1,,,true,-82,3600000.0,267435655,8240,{111},,,,,,,,
P67650e7b-bc7c-4f9d-a5de-8227ce0052ab,Oc749b529-63df-40c7-ba15-5ec8d091d4f1,2014-11-04 13:30:28,WLAN,WLAN,,,,,,,,,,1967,432,,,CZ.NIC,7,3,Android,LGE Nexus 5,2.0.41,,,,nat_local_to_public_ipv4,6830,213.192.1,,,true,-82,3600000.0,267425128,8240,{111},,,,,,,,
P67650e7b-bc7c-4f9d-a5de-8227ce0052ab,Oa3a0bc32-d032-4748-b927-b1eaf7118bf8,2014-11-04 13:38:50,WLAN,WLAN,,,,,,,,,,1817,422,,,CZ.NIC,7,3,Android,LGE Nexus 5,2.0.41,,,,nat_local_to_public_ipv4,6830,213.192.1,,,true,-85,3600000.0,267435655,8240,{111},,,,,,,,
P67650e7b-bc7c-4f9d-a5de-8227ce0052ab,O2b63a4c3-9f50-4f52-afe5-aa8fdb18de3d,2014-11-04 13:40:33,WLAN,WLAN,,,,,,,,,,1972,522,,,CZ.NIC,7,3,Android,LGE Nexus 5,2.0.41,,,,nat_local_to_public_ipv4,6830,213.192.1,,,true,-81,3600000.0,267435655,8240,"{111,362}",,,,,,,,
P67650e7b-bc7c-4f9d-a5de-8227ce0052ab,Oa9c63a25-d9cf-48b1-86ee-2be8fd6612af,2014-11-04 13:41:49,WLAN,WLAN,,,,,,,,,,1451,490,,,CZ.NIC,7,3,Android,LGE Nexus 5,2.0.41,,,,nat_local_to_public_ipv4,6830,213.192.1,,,true,-82,3600000.0,267435655,8240,{111},,,,,,,,
P67650e7b-bc7c-4f9d-a5de-8227ce0052ab,O1de1f37e-9d15-4144-b8a4-43996d36894c,2014-11-04 13:53:04,WLAN,WLAN,,,,,,,,,,1905,484,,,CZ.NIC,7,3,Android,LGE Nexus 5,2.0.41,,,,nat_local_to_public_ipv4,6830,213.192.1,,,true,-80,3600000.0,267435655,8240,{111},,,,,,,,
P67650e7b-bc7c-4f9d-a5de-8227ce0052ab,O5647b0e5-c103-4606-84b7-1d400835b9ec,2014-11-04 14:01:27,WLAN,WLAN,,,,,,,,,,1722,405,,,CZ.NIC,7,3,Android,LGE Nexus 5,2.0.41,,,,nat_local_to_public_ipv4,6830,213.192.1,,,true,-83,3600000.0,267435655,8240,{111},,,,,,,,
P67650e7b-bc7c-4f9d-a5de-8227ce0052ab,O2f2b0b9f-2a4b-4e13-b24d-539009fec0a8,2014-11-04 14:05:14,WLAN,WLAN,,,,,,,,,,1713,427,,,CZ.NIC,7,1,Android,LGE Nexus 5,2.0.41,,,,nat_local_to_public_ipv4,6830,213.192.1,,,true,-84,3600000.0,267435655,8240,{111},,,,,,,,
P67650e7b-bc7c-4f9d-a5de-8227ce0052ab,Oe88048af-beb9-404f-b092-b67c843b56fa,2014-11-04 14:09:16,WLAN,WLAN,,,,,,,,,,1686,563,,,CZ.NIC,7,3,Android,LGE Nexus 5,2.0.41,,,,nat_local_to_public_ipv4,6830,213.192.1,,,true,-84,3600000.0,267435655,8240,{111},,,,,,,,
P67650e7b-bc7c-4f9d-a5de-8227ce0052ab,O42f4475a-c9c1-4945-9a22-4c43aeb4d34b,2014-11-04 14:47:17,WLAN,WLAN,,,,,,,,,,1969,486,,,CZ.NIC,7,3,Android,LGE Nexus 5,2.0.41,,,,nat_local_to_public_ipv4,6830,213.192.1,,,true,-82,3600000.0,267441732,8240,{111},,,,,,,,
P67650e7b-bc7c-4f9d-a5de-8227ce0052ab,O489abb79-cf1f-49e8-b404-ea4fa748c624,2014-11-04 14:49:51,WLAN,WLAN,,,,,,,,,,1917,482,,,CZ.NIC,7,3,Android,LGE Nexus 5,2.0.41,,,,nat_local_to_public_ipv4,6830,213.192.1,,,true,-79,3600000.0,267441732,8240,{111},,,,,,,,
P67650e7b-bc7c-4f9d-a5de-8227ce0052ab,O0cb690f1-d49d-47e6-bbee-03789288ae8d,2014-11-04 14:57:12,WLAN,WLAN,,,,,,,,,,1891,494,,,CZ.NIC,7,3,Android,LGE Nexus 5,2.0.41,,,,nat_local_to_public_ipv4,6830,213.192.1,,,true,-81,3600000.0,267441732,8240,{111},,,,,,,,
P67650e7b-bc7c-4f9d-a5de-8227ce0052ab,O1e98f15e-9367-4cb2-bdf0-3b620c8dbe9b,2014-11-04 15:00:45,WLAN,WLAN,,,,,,,,,,1688,497,,,CZ.NIC,7,3,Android,LGE Nexus 5,2.0.41,,,,nat_local_to_public_ipv4,6830,213.192.1,,,true,-86,3600000.0,267441732,8240,{111},,,,,,,,
P67650e7b-bc7c-4f9d-a5de-8227ce0052ab,O8a94e165-fe5e-4f91-942f-fa23fa1c0e14,2014-11-04 15:07:26,WLAN,WLAN,,,,,,,,,,1087,437,,,CZ.NIC,7,3,Android,LGE Nexus 5,2.0.41,,,,nat_local_to_public_ipv4,6830,213.192.1,,,true,-81,3600000.0,267441732,8240,{111},,,,,,,,
P67650e7b-bc7c-4f9d-a5de-8227ce0052ab,O926daf3f-65ce-42f6-b843-d7686a3ac5c6,2014-11-04 15:12:34,WLAN,WLAN,,,,,,,,,,1229,395,,,CZ.NIC,7,1,Android,LGE Nexus 5,2.0.41,,,,nat_local_to_public_ipv4,6830,213.192.1,,,true,-80,3600000.0,267441732,8240,{111},,,,,,,,
P67650e7b-bc7c-4f9d-a5de-8227ce0052ab,O7afa0958-d7de-467b-86e6-1a9067b0ae04,2014-11-04 15:51:55,WLAN,WLAN,,,,,,,,,,2051,476,,,CZ.NIC,7,3,Android,LGE Nexus 5,2.0.41,,,,nat_local_to_public_ipv4,6830,213.192.1,,,true,-78,3600000.0,267425128,8240,{111},,,,,,,,
P67650e7b-bc7c-4f9d-a5de-8227ce0052ab,O6667f7a7-807e-4d9f-874f-e97fbec77563,2014-11-04 15:53:19,WLAN,WLAN,,,,,,,,,,701,224,,,CZ.NIC,7,1,Android,LGE Nexus 5,2.0.41,,,,nat_local_to_public_ipv4,6830,213.192.1,,,true,-83,3600000.0,267425128,8240,{111},,,,,,,,
P67650e7b-bc7c-4f9d-a5de-8227ce0052ab,O0b252c8f-342f-482f-9933-2d1bfc354883,2014-11-04 16:02:26,WLAN,WLAN,,,,,,,,,,1153,172,,,CZ.NIC,7,3,Android,LGE Nexus 5,2.0.41,,,,nat_local_to_public_ipv4,6830,213.192.1,,,true,-82,3600000.0,267425128,8240,{111},,,,,,,,
P67650e7b-bc7c-4f9d-a5de-8227ce0052ab,O3c72d5a3-1a8f-45b5-80dd-7ef676ce8e8e,2014-11-04 16:06:20,WLAN,WLAN,,,,,,,,,,1760,482,,,CZ.NIC,7,3,Android,LGE Nexus 5,2.0.41,,,,nat_local_to_public_ipv4,6830,213.192.1,,,true,-85,3600000.0,267425128,8240,{111},,,,,,,,
P67650e7b-bc7c-4f9d-a5de-8227ce0052ab,Obe77db93-204c-4544-9be6-55bf0de9cd8a,2014-11-04 16:15:50,WLAN,WLAN,,,,,,,,,,1622,395,,,CZ.NIC,7,3,Android,LGE Nexus 5,2.0.41,,,,nat_local_to_public_ipv4,6830,213.192.1,,,true,-80,3600000.0,267425128,8240,{111},,,,,,,,
P1e26266c-040e-401f-892f-aa976c5c4395,O107e2c59-3cab-43df-932f-3aa61c34e392,2014-11-05 08:18:20,WLAN,WLAN,,,,,,,,,,1871,467,,,CZ.NIC,7,3,Android,LGE Nexus 5,2.0.41,,,,nat_local_to_public_ipv4,6830,213.192.1,,,true,-84,3600000.0,267435655,8240,{111},,,,,,,,
P1e26266c-040e-401f-892f-aa976c5c4395,O861ce67d-e415-4145-a100-f75e3fdd0ba4,2014-11-05 08:22:26,WLAN,WLAN,,,,,,,,,,1721,454,,,CZ.NIC,7,3,Android,LGE Nexus 5,2.0.41,,,,nat_local_to_public_ipv4,6830,213.192.1,,,true,-79,3600000.0,267435655,8240,{111},,,,,,,,
P1e26266c-040e-401f-892f-aa976c5c4395,Oc1d96a36-f3ed-4b29-af77-c436495f0e55,2014-11-05 08:24:17,WLAN,WLAN,,,,,,,,,,1940,494,,,CZ.NIC,7,3,Android,LGE Nexus 5,2.0.41,,,,nat_local_to_public_ipv4,6830,213.192.1,,,true,-79,3600000.0,267435655,8240,{111},,,,,,,,
P1e26266c-040e-401f-892f-aa976c5c4395,O40ad0e13-16a9-49c8-85ae-78b72cddc020,2014-11-05 08:31:58,WLAN,WLAN,,,,,,,,,,1928,401,,,CZ.NIC,7,3,Android,LGE Nexus 5,2.0.41,,,,nat_local_to_public_ipv4,6830,213.192.1,,,true,-83,3600000.0,267435655,8240,{111},,,,,,,,
P1e26266c-040e-401f-892f-aa976c5c4395,Od9a4168b-9fad-41d8-8a6b-5d333c358c01,2014-11-05 08:35:49,WLAN,WLAN,,,,,,,,,,1751,480,,,CZ.NIC,7,3,Android,LGE Nexus 5,2.0.41,,,,nat_local_to_public_ipv4,6830,213.192.1,,,true,-79,3600000.0,267435655,8240,{111},,,,,,,,
P1e26266c-040e-401f-892f-aa976c5c4395,O7740497f-5567-4f1f-b98b-863823a162c5,2014-11-05 08:39:03,WLAN,WLAN,,,,,,,,,,2,149,,,CZ.NIC,7,1,Android,LGE Nexus 5,2.0.41,,,,nat_local_to_public_ipv4,6830,213.192.1,,,true,-81,3600000.0,267435655,8240,"{111,361}",,,,,,,,
P1e26266c-040e-401f-892f-aa976c5c4395,Oa1be312b-dfb8-441f-a77f-523195fc3f40,2014-11-05 08:41:36,WLAN,WLAN,,,,,,,,,,1274,157,,,CZ.NIC,7,3,Android,LGE Nexus 5,2.0.41,,,,nat_local_to_public_ipv4,6830,213.192.1,,,true,-78,3600000.0,267435655,8240,{111},,,,,,,,
P1e26266c-040e-401f-892f-aa976c5c4395,O1c4e7df5-5771-4c13-8d44-f069df641797,2014-11-05 08:44:51,WLAN,WLAN,,,,,,,,,,1568,447,,,CZ.NIC,7,3,Android,LGE Nexus 5,2.0.41,,,,nat_local_to_public_ipv4,6830,213.192.1,,,true,-79,3600000.0,267435655,8240,{111},,,,,,,,
P1e26266c-040e-401f-892f-aa976c5c4395,O217b3cd0-5089-47b9-b1d3-3144f3140e98,2014-11-05 08:46:31,WLAN,WLAN,,,,,,,,,,1891,444,,,CZ.NIC,7,3,Android,LGE Nexus 5,2.0.41,,,,nat_local_to_public_ipv4,6830,213.192.1,,,true,-78,3600000.0,267435655,8240,{111},,,,,,,,
P1e26266c-040e-401f-892f-aa976c5c4395,Ofc446ac9-a307-4b0d-afc4-544cc4d7329c,2014-11-05 08:48:43,WLAN,WLAN,,,,,,,,,,377,109,,,CZ.NIC,7,1,Android,LGE Nexus 5,2.0.41,,,,nat_local_to_public_ipv4,6830,213.192.1,,,true,-81,3600000.0,267435655,8240,{111},,,,,,,,
P1e26266c-040e-401f-892f-aa976c5c4395,Of216aeb4-3d99-4fe0-beef-ffeb39110cb8,2014-11-05 08:54:01,WLAN,WLAN,,,,,,,,,,1577,491,,,CZ.NIC,7,1,Android,LGE Nexus 5,2.0.41,,,,nat_local_to_public_ipv4,6830,213.192.1,,,true,-80,3600000.0,267435655,8240,{111},,,,,,,,
P1e26266c-040e-401f-892f-aa976c5c4395,Od6784667-1598-4f9b-857a-bb8dae0e92d3,2014-11-05 08:59:46,WLAN,WLAN,,,,,,,,,,494,388,,,CZ.NIC,7,3,Android,LGE Nexus 5,2.0.41,,,,nat_local_to_public_ipv4,6830,213.192.1,,,true,-83,3600000.0,267435655,8240,{111},,,,,,,,
P1e26266c-040e-401f-892f-aa976c5c4395,Oacf8dfca-0f59-4aff-b15a-724aff063a90,2014-11-05 09:02:00,WLAN,WLAN,,,,,,,,,,2189,495,,,CZ.NIC,7,3,Android,LGE Nexus 5,2.0.41,,,,nat_local_to_public_ipv4,6830,213.192.1,,,true,-80,3600000.0,267435655,8240,{111},,,,,,,,
P1e26266c-040e-401f-892f-aa976c5c4395,Oafc628b5-9bf3-48a0-b72f-43fa26b71d25,2014-11-05 09:04:35,WLAN,WLAN,,,,,,,,,,1925,492,,,CZ.NIC,7,3,Android,LGE Nexus 5,2.0.41,,,,nat_local_to_public_ipv4,6830,213.192.1,,,true,-80,3600000.0,267435655,8240,{111},,,,,,,,
P1e26266c-040e-401f-892f-aa976c5c4395,O881a559b-fa38-41cf-a3c7-987455983136,2014-11-05 09:12:30,WLAN,WLAN,,,,,,,,,,1894,478,,,CZ.NIC,7,3,Android,LGE Nexus 5,2.0.41,,,,nat_local_to_public_ipv4,6830,213.192.1,,,true,-82,3600000.0,267435655,8240,{111},,,,,,,,
P1e26266c-040e-401f-892f-aa976c5c4395,Oa47758e7-c531-4002-b35d-79fa33f18a8b,2014-11-05 09:14:13,WLAN,WLAN,,,,,,,,,,1952,534,,,CZ.NIC,7,3,Android,LGE Nexus 5,2.0.41,,,,nat_local_to_public_ipv4,6830,213.192.1,,,true,-83,3600000.0,267435655,8240,{111},,,,,,,,
P1e26266c-040e-401f-892f-aa976c5c4395,Od8bb31e6-77cc-45fc-b454-06da5833d0a5,2014-11-05 09:15:30,WLAN,WLAN,,,,,,,,,,1949,377,,,CZ.NIC,7,3,Android,LGE Nexus 5,2.0.41,,,,nat_local_to_public_ipv4,6830,213.192.1,,,true,-81,3600000.0,267435655,8240,{111},,,,,,,,
P1e26266c-040e-401f-892f-aa976c5c4395,Od54fe73d-57c6-4d6c-8a7c-6ba24e111de3,2014-11-05 09:16:43,WLAN,WLAN,,,,,,,,,,774,163,,,CZ.NIC,7,1,Android,LGE Nexus 5,2.0.41,,,,nat_local_to_public_ipv4,6830,213.192.1,,,true,-85,3600000.0,267435655,8240,{111},,,,,,,,
P1e26266c-040e-401f-892f-aa976c5c4395,Odc30ec69-383b-43de-9d2e-00458fd25d89,2014-11-05 09:18:08,WLAN,WLAN,,,,,,,,,,1544,435,,,CZ.NIC,7,3,Android,LGE Nexus 5,2.0.41,,,,nat_local_to_public_ipv4,6830,213.192.1,,,true,-82,3600000.0,267435655,8240,{111},,,,,,,,
P1e26266c-040e-401f-892f-aa976c5c4395,Ob2370321-0664-4aa7-b7f7-171fc56ed0f8,2014-11-05 09:20:51,WLAN,WLAN,,,,,,,,,,1393,448,,,CZ.NIC,7,3,Android,LGE Nexus 5,2.0.41,,,,nat_local_to_public_ipv4,6830,213.192.1,,,true,-81,3600000.0,267435655,8240,{111},,,,,,,,
P1e26266c-040e-401f-892f-aa976c5c4395,Ofc298034-1e2e-40d0-a882-6def49b3cebc,2014-11-05 09:28:21,WLAN,WLAN,,,,,,,,,,943,234,,,CZ.NIC,7,3,Android,LGE Nexus 5,2.0.41,,,,nat_local_to_public_ipv4,6830,213.192.1,,,true,-85,3600000.0,267435655,8240,{111},,,,,,,,
P1e26266c-040e-401f-892f-aa976c5c4395,Oceb55101-32c4-4875-b40b-2f5cfd1af3bd,2014-11-05 09:31:43,WLAN,WLAN,,,,,,,,,,341,60,,,CZ.NIC,7,3,Android,LGE Nexus 5,2.0.41,,,,nat_local_to_public_ipv4,6830,213.192.1,,,true,-85,3600000.0,267435655,8240,"{111,362}",,,,,,,,
P1e26266c-040e-401f-892f-aa976c5c4395,Ob0f8d7fc-42a3-4bde-99df-9a02444339b5,2014-11-05 09:37:55,WLAN,WLAN,,,,,,,,,,1551,373,,,CZ.NIC,7,3,Android,LGE Nexus 5,2.0.41,,,,nat_local_to_public_ipv4,6830,213.192.1,,,true,-81,3600000.0,267435655,8240,{111},,,,,,,,
P1e26266c-040e-401f-892f-aa976c5c4395,Ob6f95e1e-5dbb-458e-9bc4-a8e477086c75,2014-11-05 09:45:22,WLAN,WLAN,,,,,,,,,,593,468,,,CZ.NIC,7,3,Android,LGE Nexus 5,2.0.41,,,,nat_local_to_public_ipv4,6830,213.192.1,,,true,-88,3600000.0,267435655,8240,{111},,,,,,,,
P1e26266c-040e-401f-892f-aa976c5c4395,O2689f75a-9082-45ad-b14d-dfe9171dda81,2014-11-05 09:52:15,WLAN,WLAN,,,,,,,,,,1092,476,,,CZ.NIC,7,3,Android,LGE Nexus 5,2.0.41,,,,nat_local_to_public_ipv4,6830,213.192.1,,,true,-80,3600000.0,267435655,8240,{111},,,,,,,,
P1e26266c-040e-401f-892f-aa976c5c4395,O41f0e5c5-bb2b-460d-9cc4-4d7dc81e0c5c,2014-11-05 09:58:49,WLAN,WLAN,,,,,,,,,,1503,372,,,CZ.NIC,7,3,Android,LGE Nexus 5,2.0.41,,,,nat_local_to_public_ipv4,6830,213.192.1,,,true,-84,3600000.0,267435655,8240,{111},,,,,,,,
P1e26266c-040e-401f-892f-aa976c5c4395,O5036f173-a813-4c8e-91c4-2ff664e7556f,2014-11-05 09:59:38,WLAN,WLAN,,,,,,,,,,1896,498,,,CZ.NIC,7,3,Android,LGE Nexus 5,2.0.41,,,,nat_local_to_public_ipv4,6830,213.192.1,,,true,-83,3600000.0,267435655,8240,{111},,,,,,,,
P1e26266c-040e-401f-892f-aa976c5c4395,O3770fc20-4cd0-4d52-931a-7fa9e1335934,2014-11-05 10:20:23,WLAN,WLAN,,,,,,,,,,1932,480,,,CZ.NIC,7,3,Android,LGE Nexus 5,2.0.41,,,,nat_local_to_public_ipv4,6830,213.192.1,,,true,-81,3600000.0,267435655,8240,{111},,,,,,,,
P1e26266c-040e-401f-892f-aa976c5c4395,O0b0c3c1a-7e17-44fe-8768-7710e8760343,2014-11-05 10:26:26,WLAN,WLAN,,,,,,,,,,1445,472,,,CZ.NIC,7,3,Android,LGE Nexus 5,2.0.41,,,,nat_local_to_public_ipv4,6830,213.192.1,,,true,-86,3600000.0,267435655,8240,{111},,,,,,,,
P1e26266c-040e-401f-892f-aa976c5c4395,Odec542c3-de0b-46d3-9d8c-9c0aac57c832,2014-11-05 10:36:54,WLAN,WLAN,,,,,,,,,,1341,204,,,CZ.NIC,7,3,Android,LGE Nexus 5,2.0.41,,,,nat_local_to_public_ipv4,6830,213.192.1,,,true,-82,3600000.0,267435655,8240,{111},,,,,,,,
P1e26266c-040e-401f-892f-aa976c5c4395,Odf58a351-c9c4-4316-940b-0be791ac0cb2,2014-11-05 12:45:59,WLAN,WLAN,,,,,,,,,,1966,495,,,CZ.NIC,7,3,Android,LGE Nexus 5,2.0.41,,,,nat_local_to_public_ipv4,6830,213.192.1,,,true,-79,3600000.0,267441732,8240,{111},,,,,,,,
P1e26266c-040e-401f-892f-aa976c5c4395,O1ccddf37-0a70-4fe8-8df6-909bd0838205,2014-11-05 13:02:08,WLAN,WLAN,,,,,,,,,,1909,475,,,CZ.NIC,7,1,Android,LGE Nexus 5,2.0.41,,,,nat_local_to_public_ipv4,6830,213.192.1,,,true,-81,3600000.0,267441732,8240,{111},,,,,,,,
P1e26266c-040e-401f-892f-aa976c5c4395,O45f01231-7707-4505-8f74-df0e42a80537,2014-11-05 13:12:45,WLAN,WLAN,,,,,,,,,,1750,416,,,CZ.NIC,7,3,Android,LGE Nexus 5,2.0.41,,,,nat_local_to_public_ipv4,6830,213.192.1,,,true,-81,3600000.0,267441732,8240,{111},,,,,,,,
P1e26266c-040e-401f-892f-aa976c5c4395,Odfa6c19c-05b2-4396-8ec9-2afb2a235909,2014-11-05 13:16:36,WLAN,WLAN,,,,,,,,,,787,521,,,CZ.NIC,7,3,Android,LGE Nexus 5,2.0.41,,,,nat_local_to_public_ipv4,6830,213.192.1,,,true,-80,3600000.0,267441732,8240,{111},,,,,,,,
P1e26266c-040e-401f-892f-aa976c5c4395,Od3abf7d4-4f36-4848-b91a-e70911570965,2014-11-05 13:27:29,WLAN,WLAN,,,,,,,,,,1935,475,,,CZ.NIC,7,3,Android,LGE Nexus 5,2.0.41,,,,nat_local_to_public_ipv4,6830,213.192.1,,,true,-78,3600000.0,267425128,8240,{111},,,,,,,,
P1e26266c-040e-401f-892f-aa976c5c4395,O4e5de8fa-d40b-4941-91f5-924ef105d4ba,2014-11-05 13:28:11,WLAN,WLAN,,,,,,,,,,1968,498,,,CZ.NIC,7,3,Android,LGE Nexus 5,2.0.41,,,,nat_local_to_public_ipv4,6830,213.192.1,,,true,-78,3600000.0,267425128,8240,{111},,,,,,,,
P1e26266c-040e-401f-892f-aa976c5c4395,O7e4c821a-f41a-4672-ae93-5ab680108ac8,2014-11-05 13:33:54,WLAN,WLAN,,,,,,,,,,1534,482,,,CZ.NIC,7,3,Android,LGE Nexus 5,2.0.41,,,,nat_local_to_public_ipv4,6830,213.192.1,,,true,-81,3600000.0,267425128,8240,{111},,,,,,,,
P1e26266c-040e-401f-892f-aa976c5c4395,O198c4604-12d0-44c1-92c9-473e67dbcaaf,2014-11-05 13:38:17,WLAN,WLAN,,,,,,,,,,1832,469,,,CZ.NIC,7,3,Android,LGE Nexus 5,2.0.41,,,,nat_local_to_public_ipv4,6830,213.192.1,,,true,-78,3600000.0,267425128,8240,{111},,,,,,,,
P1e26266c-040e-401f-892f-aa976c5c4395,O302b9003-c4cd-4c32-b078-dd8b0e293ab4,2014-11-05 13:56:42,WLAN,WLAN,,,,,,,,,,1969,496,,,CZ.NIC,7,3,Android,LGE Nexus 5,2.0.41,,,,nat_local_to_public_ipv4,6830,213.192.1,,,true,-79,3600000.0,267441732,8240,{111},,,,,,,,
P1e26266c-040e-401f-892f-aa976c5c4395,O73915a00-201e-4935-ac4f-7cf5d63f9d94,2014-11-05 14:00:25,WLAN,WLAN,,,,,,,,,,1971,476,,,CZ.NIC,7,3,Android,LGE Nexus 5,2.0.41,,,,nat_local_to_public_ipv4,6830,213.192.1,,,true,-81,3600000.0,267441732,8240,{111},,,,,,,,
P1e26266c-040e-401f-892f-aa976c5c4395,O71821dcc-74ed-4611-bc46-849bd9835439,2014-11-05 15:10:31,WLAN,WLAN,,,,,,,,,,717,161,,,CZ.NIC,7,1,Android,LGE Nexus 5,2.0.41,,,,nat_local_to_public_ipv4,6830,213.192.1,,,true,-86,3600000.0,267435655,8240,{111},,,,,,,,
P1e26266c-040e-401f-892f-aa976c5c4395,O2dc92014-0e56-4df9-8437-f042a27429ff,2014-11-05 15:30:51,WLAN,WLAN,,,,,,,,,,1653,451,,,CZ.NIC,7,3,Android,LGE Nexus 5,2.0.41,,,,nat_local_to_public_ipv4,6830,213.192.1,,,true,-85,3600000.0,267435655,8240,{111},,,,,,,,
P1e26266c-040e-401f-892f-aa976c5c4395,Od98c9c60-ce11-4b17-8d38-4821a53482dc,2014-11-05 15:32:58,WLAN,WLAN,,,,,,,,,,1875,542,,,CZ.NIC,7,3,Android,LGE Nexus 5,2.0.41,,,,nat_local_to_public_ipv4,6830,213.192.1,,,true,-79,3600000.0,267435655,8240,{111},,,,,,,,
P1e26266c-040e-401f-892f-aa976c5c4395,O3facd626-35b5-433f-97fe-1014a066dc0f,2014-11-05 15:34:50,WLAN,WLAN,,,,,,,,,,1848,480,,,CZ.NIC,7,3,Android,LGE Nexus 5,2.0.41,,,,nat_local_to_public_ipv4,6830,213.192.1,,,true,-81,3600000.0,267435655,8240,{111},,,,,,,,
P1e26266c-040e-401f-892f-aa976c5c4395,O783afadf-f213-4901-b382-3d6d2e357e48,2014-11-05 15:40:24,WLAN,WLAN,,,,,,,,,,1340,440,,,CZ.NIC,7,3,Android,LGE Nexus 5,2.0.41,,,,nat_local_to_public_ipv4,6830,213.192.1,,,true,-83,3600000.0,267435655,8240,{111},,,,,,,,
P1e26266c-040e-401f-892f-aa976c5c4395,Oac21a4f7-53b4-46eb-94e2-117adc02b500,2014-11-05 15:45:45,WLAN,WLAN,,,,,,,,,,1552,320,,,CZ.NIC,7,3,Android,LGE Nexus 5,2.0.41,,,,nat_local_to_public_ipv4,6830,213.192.1,,,true,-83,3600000.0,267435655,8240,{111},,,,,,,,
P1e26266c-040e-401f-892f-aa976c5c4395,O9320e36e-5764-4967-89f9-5d04f4deb6d0,2014-11-05 15:49:13,WLAN,WLAN,,,,,,,,,,1965,472,,,CZ.NIC,7,3,Android,LGE Nexus 5,2.0.41,,,,nat_local_to_public_ipv4,6830,213.192.1,,,true,-85,3600000.0,267435655,8240,{111},,,,,,,,
P1e26266c-040e-401f-892f-aa976c5c4395,O2f69c9f4-2b5e-4e68-8673-1794b7e90d56,2014-11-05 15:50:18,WLAN,WLAN,,,,,,,,,,1910,479,,,CZ.NIC,7,3,Android,LGE Nexus 5,2.0.41,,,,nat_local_to_public_ipv4,6830,213.192.1,,,true,-87,3600000.0,267435655,8240,{111},,,,,,,,
P1e26266c-040e-401f-892f-aa976c5c4395,O4b287de8-f189-4375-bc8c-7a45ee8f2c65,2014-11-05 15:54:17,WLAN,WLAN,,,,,,,,,,1645,405,,,CZ.NIC,7,3,Android,LGE Nexus 5,2.0.41,,,,nat_local_to_public_ipv4,6830,213.192.1,,,true,-82,3600000.0,267435655,8240,{111},,,,,,,,
P1e26266c-040e-401f-892f-aa976c5c4395,O17637817-7faf-4159-a228-bd206ad68c3a,2014-11-05 16:16:18,WLAN,WLAN,,,,,,,,,,276,349,,,CZ.NIC,7,1,Android,LGE Nexus 5,2.0.41,,,,nat_local_to_public_ipv4,6830,213.192.1,,,true,-85,3600000.0,267435655,8240,{111},,,,,,,,
P1e26266c-040e-401f-892f-aa976c5c4395,O560b3510-71c0-48e5-a505-34fad8988477,2014-11-05 16:21:32,WLAN,WLAN,,,,,,,,,,1849,490,,,CZ.NIC,7,3,Android,LGE Nexus 5,2.0.41,,,,nat_local_to_public_ipv4,6830,213.192.1,,,true,-84,3600000.0,267435655,8240,{111},,,,,,,,
P1e26266c-040e-401f-892f-aa976c5c4395,Oad54c3d2-1836-4eaf-b226-57209b90132c,2014-11-05 16:28:26,WLAN,WLAN,,,,,,,,,,201,263,,,CZ.NIC,7,1,Android,LGE Nexus 5,2.0.41,,,,nat_local_to_public_ipv4,6830,213.192.1,,,true,-84,3600000.0,267435655,8240,{111},,,,,,,,
P1e26266c-040e-401f-892f-aa976c5c4395,Ofce22573-7459-4b47-a9bb-4b655efad6bd,2014-11-05 16:31:24,WLAN,WLAN,,,,,,,,,,1502,378,,,CZ.NIC,7,3,Android,LGE Nexus 5,2.0.41,,,,nat_local_to_public_ipv4,6830,213.192.1,,,true,-84,3600000.0,267435655,8240,{111},,,,,,,,
Pc4757c3a-4251-4df3-870e-e4c148590949,O4e06c792-fbe0-4c60-8781-09461df4f8e1,2014-11-06 08:35:34,WLAN,WLAN,,,,,,,,,,1889,480,,,CZ.NIC,7,3,Android,LGE Nexus 5,2.0.41,,,,nat_local_to_public_ipv4,6830,213.192.1,,,true,-85,3600000.0,267435655,8240,{111},,,,,,,,
Pc4757c3a-4251-4df3-870e-e4c148590949,O9415c7fe-09dd-414b-be72-9920a957657a,2014-11-06 08:45:22,WLAN,WLAN,,,,,,,,,,1885,484,,,CZ.NIC,7,3,Android,LGE Nexus 5,2.0.41,,,,nat_local_to_public_ipv4,6830,213.192.1,,,true,-78,3600000.0,267435655,8240,{111},,,,,,,,
Pc4757c3a-4251-4df3-870e-e4c148590949,O06d123b1-2198-4a31-95dd-5cdf8519bc1f,2014-11-06 08:59:42,WLAN,WLAN,,,,,,,,,,1927,485,,,CZ.NIC,7,3,Android,LGE Nexus 5,2.0.41,,,,nat_local_to_public_ipv4,6830,213.192.1,,,true,-83,3600000.0,267441732,8240,{111},,,,,,,,
Pc4757c3a-4251-4df3-870e-e4c148590949,O4ff08899-5a05-45a1-b20c-377a1905e75a,2014-11-06 09:33:52,WLAN,WLAN,,,,,,,,,,1958,490,,,CZ.NIC,7,3,Android,LGE Nexus 5,2.0.41,,,,nat_local_to_public_ipv4,6830,213.192.1,,,true,-79,3600000.0,267435655,8240,{111},,,,,,,,
Pc4757c3a-4251-4df3-870e-e4c148590949,O1ba9c1b3-8670-4207-977e-dbeb16ce4d95,2014-11-06 10:03:22,WLAN,WLAN,,,,,,,,,,1899,480,,,CZ.NIC,7,1,Android,LGE Nexus 5,2.0.41,,,,nat_local_to_public_ipv4,6830,213.192.1,,,true,-79,3600000.0,267435655,8240,{111},,,,,,,,
Pc4757c3a-4251-4df3-870e-e4c148590949,O57a1db7f-744d-4743-a028-e8da4d3d400f,2014-11-06 10:10:37,WLAN,WLAN,,,,,,,,,,1944,503,,,CZ.NIC,7,3,Android,LGE Nexus 5,2.0.41,,,,nat_local_to_public_ipv4,6830,213.192.1,,,true,-80,3600000.0,267435655,8240,{111},,,,,,,,
Pc4757c3a-4251-4df3-870e-e4c148590949,O7b712956-2df6-4483-8c82-ad1d03be508a,2014-11-06 10:14:29,WLAN,WLAN,,,,,,,,,,2092,494,,,CZ.NIC,7,3,Android,LGE Nexus 5,2.0.41,,,,nat_local_to_public_ipv4,6830,213.192.1,,,true,-83,3600000.0,267435655,8240,{111},,,,,,,,
Pc4757c3a-4251-4df3-870e-e4c148590949,O9d25ee10-3c2a-44fc-84e1-36006aa48e95,2014-11-06 10:16:56,WLAN,WLAN,,,,,,,,,,1304,244,,,CZ.NIC,7,3,Android,LGE Nexus 5,2.0.41,,,,nat_local_to_public_ipv4,6830,213.192.1,,,true,-85,3600000.0,267435655,8240,{111},,,,,,,,
Pc4757c3a-4251-4df3-870e-e4c148590949,O7b19b2d9-4331-4f45-8b6e-c958d18cb6c1,2014-11-06 10:18:56,WLAN,WLAN,,,,,,,,,,1940,364,,,CZ.NIC,7,3,Android,LGE Nexus 5,2.0.41,,,,nat_local_to_public_ipv4,6830,213.192.1,,,true,-82,3600000.0,267435655,8240,{111},,,,,,,,
Pc4757c3a-4251-4df3-870e-e4c148590949,O4c2fe0db-ccd3-4fe5-9c50-d425842e2e5e,2014-11-06 10:22:31,WLAN,WLAN,,,,,,,,,,1968,489,,,CZ.NIC,7,3,Android,LGE Nexus 5,2.0.41,,,,nat_local_to_public_ipv4,6830,213.192.1,,,true,-80,3600000.0,267441732,8240,{111},,,,,,,,
Pc4757c3a-4251-4df3-870e-e4c148590949,Oa271adb2-a7f0-482b-96a8-7c5c528955e4,2014-11-06 10:24:57,WLAN,WLAN,,,,,,,,,,1965,459,,,CZ.NIC,7,3,Android,LGE Nexus 5,2.0.41,,,,nat_local_to_public_ipv4,6830,213.192.1,,,true,-86,3600000.0,267441732,8240,{111},,,,,,,,
Pc4757c3a-4251-4df3-870e-e4c148590949,O11a18c68-29ad-460d-9590-c4e535d2da73,2014-11-06 10:26:35,WLAN,WLAN,,,,,,,,,,1929,482,,,CZ.NIC,7,3,Android,LGE Nexus 5,2.0.41,,,,nat_local_to_public_ipv4,6830,213.192.1,,,true,-80,3600000.0,267441732,8240,{111},,,,,,,,
Pc4757c3a-4251-4df3-870e-e4c148590949,Ob27bca18-33ed-4ec1-a054-54e394ef3931,2014-11-06 10:27:58,WLAN,WLAN,,,,,,,,,,1932,491,,,CZ.NIC,7,3,Android,LGE Nexus 5,2.0.41,,,,nat_local_to_public_ipv4,6830,213.192.1,,,true,-84,3600000.0,267441732,8240,{111},,,,,,,,
Pc4757c3a-4251-4df3-870e-e4c148590949,O9fbe1060-a4d9-4d50-9856-3f8222276a8d,2014-11-06 10:30:03,WLAN,WLAN,,,,,,,,,,727,386,,,CZ.NIC,7,3,Android,LGE Nexus 5,2.0.41,,,,nat_local_to_public_ipv4,6830,213.192.1,,,true,-85,3600000.0,267425128,8240,{111},,,,,,,,
Pc4757c3a-4251-4df3-870e-e4c148590949,O2d672dfb-3df9-4200-9c9b-bb702bf4f1a6,2014-11-06 10:32:34,WLAN,WLAN,,,,,,,,,,1644,480,,,CZ.NIC,7,3,Android,LGE Nexus 5,2.0.41,,,,nat_local_to_public_ipv4,6830,213.192.1,,,true,-84,3600000.0,267425125,8240,{111},,,,,,,,
Pc4757c3a-4251-4df3-870e-e4c148590949,Od7d78cb9-4f8a-465f-aa1b-ee23a6fd38cb,2014-11-06 10:34:05,WLAN,WLAN,,,,,,,,,,1823,469,,,CZ.NIC,7,3,Android,LGE Nexus 5,2.0.41,,,,nat_local_to_public_ipv4,6830,213.192.1,,,true,-84,3600000.0,267425125,8240,{111},,,,,,,,
Pc4757c3a-4251-4df3-870e-e4c148590949,Occ79a762-aa2d-4f54-b573-9e6c22cba0fc,2014-11-06 10:36:48,WLAN,WLAN,,,,,,,,,,2030,476,,,CZ.NIC,7,3,Android,LGE Nexus 5,2.0.41,,,,nat_local_to_public_ipv4,6830,213.192.1,,,true,-80,3600000.0,267425125,8240,{111},,,,,,,,
Pc4757c3a-4251-4df3-870e-e4c148590949,Ode0caefc-3356-47d1-933f-11e5443b3ff3,2014-11-06 10:38:56,WLAN,WLAN,,,,,,,,,,2029,472,,,CZ.NIC,7,3,Android,LGE Nexus 5,2.0.41,,,,nat_local_to_public_ipv4,6830,213.192.1,,,true,-82,3600000.0,267425125,8240,{111},,,,,,,,
Pc4757c3a-4251-4df3-870e-e4c148590949,Oe9e140c8-ebd5-4168-acea-5a558cecf2e7,2014-11-06 10:42:53,WLAN,WLAN,,,,,,,,,,1973,486,,,CZ.NIC,7,3,Android,LGE Nexus 5,2.0.41,,,,nat_local_to_public_ipv4,6830,213.192.1,,,true,-79,3600000.0,267425125,8240,{111},,,,,,,,
Pc4757c3a-4251-4df3-870e-e4c148590949,O1f909215-58da-4df8-8423-1f92acc60b35,2014-11-06 10:56:40,WLAN,WLAN,,,,,,,,,,1969,433,,,CZ.NIC,7,3,Android,LGE Nexus 5,2.0.41,,,,nat_local_to_public_ipv4,6830,213.192.1,,,true,-84,3600000.0,267425125,8240,{111},,,,,,,,
Pc4757c3a-4251-4df3-870e-e4c148590949,O2ce02b66-5964-49c0-b9ed-63475d107ae4,2014-11-06 11:58:06,WLAN,WLAN,,,,,,,,,,1786,420,,,CZ.NIC,7,3,Android,LGE Nexus 5,2.0.41,,,,nat_local_to_public_ipv4,6830,213.192.1,,,true,-83,3600000.0,267435655,8240,{111},,,,,,,,
Pc4757c3a-4251-4df3-870e-e4c148590949,Oabe3a2e4-dfb9-4fe1-9658-36906196cb46,2014-11-06 12:00:56,WLAN,WLAN,,,,,,,,,,1509,458,,,CZ.NIC,7,1,Android,LGE Nexus 5,2.0.41,,,,nat_local_to_public_ipv4,6830,213.192.1,,,true,-82,3600000.0,267435655,8240,{111},,,,,,,,
Pc4757c3a-4251-4df3-870e-e4c148590949,Oca2269d0-531e-4c96-8cfe-9ebbda79aaee,2014-11-06 12:10:13,WLAN,WLAN,,,,,,,,,,1071,437,,,CZ.NIC,7,3,Android,LGE Nexus 5,2.0.41,,,,nat_local_to_public_ipv4,6830,213.192.1,,,true,-80,3600000.0,267435655,8240,{111},,,,,,,,
Pc4757c3a-4251-4df3-870e-e4c148590949,O825d4199-cddc-4456-9856-ccb248a48bb0,2014-11-06 12:16:56,WLAN,WLAN,,,,,,,,,,1614,412,,,CZ.NIC,7,3,Android,LGE Nexus 5,2.0.41,,,,nat_local_to_public_ipv4,6830,213.192.1,,,true,-81,3600000.0,267435655,8240,{111},,,,,,,,
Pc4757c3a-4251-4df3-870e-e4c148590949,O2bf2e050-2f3b-412d-8e6f-a5681ae93bf5,2014-11-06 12:34:46,WLAN,WLAN,,,,,,,,,,1359,424,,,CZ.NIC,7,3,Android,LGE Nexus 5,2.0.41,,,,nat_local_to_public_ipv4,6830,213.192.1,,,true,-79,3600000.0,267435655,8240,{111},,,,,,,,
Pc4757c3a-4251-4df3-870e-e4c148590949,O414145fa-d5f4-429c-8d66-21612ba96dc6,2014-11-06 12:35:36,WLAN,WLAN,,,,,,,,,,1454,466,,,CZ.NIC,7,3,Android,LGE Nexus 5,2.0.41,,,,nat_local_to_public_ipv4,6830,213.192.1,,,true,-81,3600000.0,267435655,8240,{111},,,,,,,,
Pc4757c3a-4251-4df3-870e-e4c148590949,Obc6cddd0-af3c-477d-8870-f80914dac8a3,2014-11-06 12:40:59,WLAN,WLAN,,,,,,,,,,1684,189,,,CZ.NIC,7,3,Android,LGE Nexus 5,2.0.41,,,,nat_local_to_public_ipv4,6830,213.192.1,,,true,-84,3600000.0,267435655,8240,"{111,362}",,,,,,,,
Pc4757c3a-4251-4df3-870e-e4c148590949,O30bd6bef-393f-4dec-abf7-60459ce1d096,2014-11-06 12:44:32,WLAN,WLAN,,,,,,,,,,1936,417,,,CZ.NIC,7,3,Android,LGE Nexus 5,2.0.41,,,,nat_local_to_public_ipv4,6830,213.192.1,,,true,-85,3600000.0,267435655,8240,{111},,,,,,,,
Pc4757c3a-4251-4df3-870e-e4c148590949,Ob805b713-c36c-4d29-beb6-fd2b66b3f6d9,2014-11-06 12:49:11,WLAN,WLAN,,,,,,,,,,1761,499,,,CZ.NIC,7,3,Android,LGE Nexus 5,2.0.41,,,,nat_local_to_public_ipv4,6830,213.192.1,,,true,-82,3600000.0,267435655,8240,{111},,,,,,,,
Pc4757c3a-4251-4df3-870e-e4c148590949,O34414e44-4c72-4461-88ce-bd666ef9ae8a,2014-11-06 12:53:45,WLAN,WLAN,,,,,,,,,,1963,463,,,CZ.NIC,7,3,Android,LGE Nexus 5,2.0.41,,,,nat_local_to_public_ipv4,6830,213.192.1,,,true,-84,3600000.0,267441732,8240,{111},,,,,,,,
Pc4757c3a-4251-4df3-870e-e4c148590949,Oa4cf79af-ab73-4d40-b1ea-b217498d9ea0,2014-11-06 12:57:20,WLAN,WLAN,,,,,,,,,,1684,272,,,CZ.NIC,7,3,Android,LGE Nexus 5,2.0.41,,,,nat_local_to_public_ipv4,6830,213.192.1,,,true,-82,3600000.0,267441732,8240,{111},,,,,,,,
Pc4757c3a-4251-4df3-870e-e4c148590949,O9bdd83aa-e710-4767-a0d4-7da97c68e832,2014-11-06 13:09:28,WLAN,WLAN,,,,,,,,,,1797,483,,,CZ.NIC,7,3,Android,LGE Nexus 5,2.0.41,,,,nat_local_to_public_ipv4,6830,213.192.1,,,true,-83,3600000.0,267441732,8240,{111},,,,,,,,
Pc4757c3a-4251-4df3-870e-e4c148590949,O8ce6a170-de35-4f40-8535-bf152d95bf16,2014-11-06 13:16:37,WLAN,WLAN,,,,,,,,,,1894,488,,,CZ.NIC,7,3,Android,LGE Nexus 5,2.0.41,,,,nat_local_to_public_ipv4,6830,213.192.1,,,true,-84,3600000.0,267435655,8240,{111},,,,,,,,
Pc4757c3a-4251-4df3-870e-e4c148590949,O11cc0b15-0d6b-44be-982c-ada9dbd0284f,2014-11-06 13:20:45,WLAN,WLAN,,,,,,,,,,1663,462,,,CZ.NIC,7,3,Android,LGE Nexus 5,2.0.41,,,,nat_local_to_public_ipv4,6830,213.192.1,,,true,-80,3600000.0,267435655,8240,{111},,,,,,,,
Pc4757c3a-4251-4df3-870e-e4c148590949,O170565e2-9ac1-4a8f-b631-c0b341bb7f2f,2014-11-06 13:23:47,WLAN,WLAN,,,,,,,,,,1831,455,,,CZ.NIC,7,3,Android,LGE Nexus 5,2.0.41,,,,nat_local_to_public_ipv4,6830,213.192.1,,,true,-83,3600000.0,267435655,8240,{111},,,,,,,,
Pc4757c3a-4251-4df3-870e-e4c148590949,O1c588f88-7cea-4e2f-9ab5-2e9e24d93f3c,2014-11-06 13:32:24,WLAN,WLAN,,,,,,,,,,1689,407,,,CZ.NIC,7,3,Android,LGE Nexus 5,2.0.41,,,,nat_local_to_public_ipv4,6830,213.192.1,,,true,-83,3600000.0,267435655,8240,{111},,,,,,,,
Pc4757c3a-4251-4df3-870e-e4c148590949,O96ce591b-38f1-47ee-b200-a595a9749e10,2014-11-06 13:38:07,WLAN,WLAN,,,,,,,,,,2052,348,,,CZ.NIC,7,3,Android,LGE Nexus 5,2.0.41,,,,nat_local_to_public_ipv4,6830,213.192.1,,,true,-79,3600000.0,267435655,8240,{111},,,,,,,,
Pc4757c3a-4251-4df3-870e-e4c148590949,O73f3740e-72eb-4da9-9b35-4a0b3e301956,2014-11-06 14:35:21,WLAN,WLAN,,,,,,,,,,1957,476,,,CZ.NIC,7,3,Android,LGE Nexus 5,2.0.41,,,,nat_local_to_public_ipv4,6830,213.192.1,,,true,-78,3600000.0,267441732,8240,{111},,,,,,,,
Pc4757c3a-4251-4df3-870e-e4c148590949,Ofcb35a0f-c686-4f54-81a9-696d8a779bc6,2014-11-06 14:40:23,WLAN,WLAN,,,,,,,,,,1956,448,,,CZ.NIC,7,3,Android,LGE Nexus 5,2.0.41,,,,nat_local_to_public_ipv4,6830,213.192.1,,,true,-79,3600000.0,267425128,8240,{111},,,,,,,,
Pc4757c3a-4251-4df3-870e-e4c148590949,O03a3530a-3fe8-41fd-9269-cf5ee219b8b9,2014-11-06 15:10:15,WLAN,WLAN,,,,,,,,,,1892,484,,,CZ.NIC,7,3,Android,LGE Nexus 5,2.0.41,,,,nat_local_to_public_ipv4,6830,213.192.1,,,true,-84,3600000.0,267425125,8240,{111},,,,,,,,
Pc4757c3a-4251-4df3-870e-e4c148590949,Oc5e37a1b-ed97-4eb7-9b22-dc99895d4b67,2014-11-06 15:21:48,WLAN,WLAN,,,,,,,,,,821,290,,,CZ.NIC,7,1,Android,LGE Nexus 5,2.0.41,,,,nat_local_to_public_ipv4,6830,213.192.1,,,true,-79,3600000.0,267435655,8240,{111},,,,,,,,
Pc4757c3a-4251-4df3-870e-e4c148590949,Of5abccf3-f11e-4b7a-87a2-f17a5ca0816e,2014-11-06 16:00:28,WLAN,WLAN,,,,,,,,,,1511,485,,,CZ.NIC,7,3,Android,LGE Nexus 5,2.0.41,,,,nat_local_to_public_ipv4,6830,213.192.1,,,true,-79,3600000.0,267441732,8240,{111},,,,,,,,
Pc4757c3a-4251-4df3-870e-e4c148590949,Oae78d87f-bb8a-4bcc-a71b-78bb872e385e,2014-11-06 16:02:07,WLAN,WLAN,,,,,,,,,,1307,376,,,CZ.NIC,7,3,Android,LGE Nexus 5,2.0.41,,,,nat_local_to_public_ipv4,6830,213.192.1,,,true,-85,3600000.0,267441732,8240,{111},,,,,,,,
Pc4757c3a-4251-4df3-870e-e4c148590949,Od3b1cd8e-9297-433a-a7d2-a5da1f1b0a80,2014-11-06 16:03:35,WLAN,WLAN,,,,,,,,,,1574,420,,,CZ.NIC,7,3,Android,LGE Nexus 5,2.0.41,,,,nat_local_to_public_ipv4,6830,213.192.1,,,true,-78,3600000.0,267441732,8240,{111},,,,,,,,
P32fca130-399d-430b-9192-2738332989ab,O2d597f23-795a-4929-8f29-d373e4e2213d,2014-11-07 15:38:49,WLAN,WLAN,,,,,,,,,,1089,409,,,CZ.NIC,7,3,Android,LGE Nexus 5,2.0.41,,,,nat_local_to_public_ipv4,6830,213.192.1,,,true,-81,3600000.0,267441732,8240,{111},,,,,,,,
P32fca130-399d-430b-9192-2738332989ab,Oca694166-6ec6-4bd7-ad5e-85b1aaf47a9f,2014-11-07 15:55:26,WLAN,WLAN,,,,,,,,,,1632,297,,,CZ.NIC,7,3,Android,LGE Nexus 5,2.0.41,,,,nat_local_to_public_ipv4,6830,213.192.1,,,true,-83,3600000.0,267441732,8240,{111},,,,,,,,
P32fca130-399d-430b-9192-2738332989ab,O3d08b1ce-a389-4194-ab1e-9f998cb363b6,2014-11-07 16:07:03,WLAN,WLAN,,,,,,,,,,945,315,,,CZ.NIC,7,3,Android,LGE Nexus 5,2.0.41,,,,nat_local_to_public_ipv4,6830,213.192.1,,,true,-86,3600000.0,267441732,8240,{111},,,,,,,,
P32fca130-399d-430b-9192-2738332989ab,Oa2f85648-49d1-4c63-9d68-40499f62f2aa,2014-11-07 16:13:33,WLAN,WLAN,,,,,,,,,,343,463,,,CZ.NIC,7,3,Android,LGE Nexus 5,2.0.41,,,,nat_local_to_public_ipv4,6830,213.192.1,,,true,-89,3600000.0,267441732,8240,{111},,,,,,,,
P32fca130-399d-430b-9192-2738332989ab,Oc8705160-402a-442c-baf9-b99c26d3f7c9,2014-11-07 16:18:32,WLAN,WLAN,,,,,,,,,,557,406,,,CZ.NIC,7,3,Android,LGE Nexus 5,2.0.41,,,,nat_local_to_public_ipv4,6830,213.192.1,,,true,-83,3600000.0,267441732,8240,{111},,,,,,,,
P32fca130-399d-430b-9192-2738332989ab,O32f4fa92-959d-4a66-a091-5704283985c2,2014-11-07 16:22:15,WLAN,WLAN,,,,,,,,,,1972,477,,,CZ.NIC,7,3,Android,LGE Nexus 5,2.0.41,,,,nat_local_to_public_ipv4,6830,213.192.1,,,true,-84,3600000.0,267441732,8240,{111},,,,,,,,
P32fca130-399d-430b-9192-2738332989ab,O94f069df-5748-4e04-915b-55e682bfe93a,2014-11-07 16:30:21,WLAN,WLAN,,,,,,,,,,1598,486,,,CZ.NIC,7,1,Android,LGE Nexus 5,2.0.41,,,,nat_local_to_public_ipv4,6830,213.192.1,,,true,-81,3600000.0,267425128,8240,{111},,,,,,,,
P32fca130-399d-430b-9192-2738332989ab,O4a09acdf-7c3a-4559-8f00-ecf35b4b034d,2014-11-07 16:31:49,WLAN,WLAN,,,,,,,,,,1933,391,,,CZ.NIC,7,3,Android,LGE Nexus 5,2.0.41,,,,nat_local_to_public_ipv4,6830,213.192.1,,,true,-81,3600000.0,267425128,8240,{111},,,,,,,,
P32fca130-399d-430b-9192-2738332989ab,O02d0e03d-0ca2-49be-b150-9cbe2be1b363,2014-11-07 16:33:51,WLAN,WLAN,,,,,,,,,,1971,415,,,CZ.NIC,7,3,Android,LGE Nexus 5,2.0.41,,,,nat_local_to_public_ipv4,6830,213.192.1,,,true,-80,3600000.0,267425128,8240,{111},,,,,,,,
P32fca130-399d-430b-9192-2738332989ab,O62dcd0d5-ca91-4df6-9065-7c66781ecc4c,2014-11-07 16:36:48,WLAN,WLAN,,,,,,,,,,1156,429,,,CZ.NIC,7,1,Android,LGE Nexus 5,2.0.41,,,,nat_local_to_public_ipv4,6830,213.192.1,,,true,-81,3600000.0,267425128,8240,{111},,,,,,,,
P32fca130-399d-430b-9192-2738332989ab,O4503eb24-358a-408b-926c-dedcb0255802,2014-11-07 16:37:59,WLAN,WLAN,,,,,,,,,,1439,459,,,CZ.NIC,7,3,Android,LGE Nexus 5,2.0.41,,,,nat_local_to_public_ipv4,6830,213.192.1,,,true,-81,3600000.0,267425128,8240,{111},,,,,,,,
Pb33b72b0-b204-4a17-817d-a3179bc5c99a,O9ad58bd8-eb8c-42a1-8992-061692c8aabf,2014-11-10 08:16:53,WLAN,WLAN,,,,,,,,,,1969,471,,,CZ.NIC,7,3,Android,LGE Nexus 5,2.0.41,,,,nat_local_to_public_ipv4,6830,213.192.1,,,true,-80,3600000.0,267435655,8240,{111},,,,,,,,
Pb33b72b0-b204-4a17-817d-a3179bc5c99a,Ocfcedb9e-258a-49c2-a921-58c78b229cb4,2014-11-10 08:31:31,WLAN,WLAN,,,,,,,,,,1017,466,,,CZ.NIC,7,1,Android,LGE Nexus 5,2.0.41,,,,nat_local_to_public_ipv4,6830,213.192.1,,,true,-78,3600000.0,267435655,8240,{111},,,,,,,,
Pb33b72b0-b204-4a17-817d-a3179bc5c99a,O813f3dd2-6082-4706-ab1e-ecd5ee617799,2014-11-10 08:44:37,WLAN,WLAN,,,,,,,,,,525,282,,,CZ.NIC,7,1,Android,LGE Nexus 5,2.0.41,,,,nat_local_to_public_ipv4,6830,213.192.1,,,true,-84,3600000.0,267435655,8240,{111},,,,,,,,
Pb33b72b0-b204-4a17-817d-a3179bc5c99a,O9e69c0b3-62e2-4302-9ac2-eb98f78ff84a,2014-11-10 08:49:29,WLAN,WLAN,,,,,,,,,,1400,471,,,CZ.NIC,7,3,Android,LGE Nexus 5,2.0.41,,,,nat_local_to_public_ipv4,6830,213.192.1,,,true,-82,3600000.0,267435655,8240,{111},,,,,,,,
Pb33b72b0-b204-4a17-817d-a3179bc5c99a,Oea857b65-6d4c-4606-9e60-6e248e043668,2014-11-10 08:50:48,WLAN,WLAN,,,,,,,,,,1411,432,,,CZ.NIC,7,3,Android,LGE Nexus 5,2.0.41,,,,nat_local_to_public_ipv4,6830,213.192.1,,,true,-79,3600000.0,267435655,8240,{111},,,,,,,,
Pb33b72b0-b204-4a17-817d-a3179bc5c99a,O276dba50-65bd-4dda-9fdc-77129c19297d,2014-11-10 08:57:33,WLAN,WLAN,,,,,,,,,,1873,478,,,CZ.NIC,7,3,Android,LGE Nexus 5,2.0.41,,,,nat_local_to_public_ipv4,6830,213.192.1,,,true,-79,3600000.0,267435655,8240,{111},,,,,,,,
Pb33b72b0-b204-4a17-817d-a3179bc5c99a,Oa2e75b4c-51ab-4749-b12f-102b9abdd650,2014-11-10 09:06:31,WLAN,WLAN,,,,,,,,,,1554,494,,,CZ.NIC,7,3,Android,LGE Nexus 5,2.0.41,,,,nat_local_to_public_ipv4,6830,213.192.1,,,true,-78,3600000.0,267435655,8240,{111},,,,,,,,
Pb33b72b0-b204-4a17-817d-a3179bc5c99a,Oc25afbe7-9dd7-4f0a-81e6-af2b7acd8cca,2014-11-10 09:10:04,WLAN,WLAN,,,,,,,,,,1914,487,,,CZ.NIC,7,3,Android,LGE Nexus 5,2.0.41,,,,nat_local_to_public_ipv4,6830,213.192.1,,,true,-81,3600000.0,267435655,8240,{111},,,,,,,,
Pb33b72b0-b204-4a17-817d-a3179bc5c99a,Od75d6e1c-bae9-4c7c-890e-620727e3cc32,2014-11-10 09:25:38,WLAN,WLAN,,,,,,,,,,1245,486,,,CZ.NIC,7,1,Android,LGE Nexus 5,2.0.41,,,,nat_local_to_public_ipv4,6830,213.192.1,,,true,-85,3600000.0,267441732,8240,{111},,,,,,,,
Pb33b72b0-b204-4a17-817d-a3179bc5c99a,Od03c2861-74ea-4da4-b963-84e85d66760a,2014-11-10 09:27:51,WLAN,WLAN,,,,,,,,,,1264,406,,,CZ.NIC,7,3,Android,LGE Nexus 5,2.0.41,,,,nat_local_to_public_ipv4,6830,213.192.1,,,true,-87,3600000.0,267441732,8240,{111},,,,,,,,
Pb33b72b0-b204-4a17-817d-a3179bc5c99a,O8803ddf2-1898-4fde-b4ff-d89bd6f392bb,2014-11-10 09:37:20,WLAN,WLAN,,,,,,,,,,558,241,,,CZ.NIC,7,1,Android,LGE Nexus 5,2.0.41,,,,nat_local_to_public_ipv4,6830,213.192.1,,,true,-81,3600000.0,267441732,8240,{111},,,,,,,,
Pb33b72b0-b204-4a17-817d-a3179bc5c99a,O4c633e52-f194-44c8-8a44-c84ddcdedb3b,2014-11-10 09:39:49,WLAN,WLAN,,,,,,,,,,334,418,,,CZ.NIC,7,1,Android,LGE Nexus 5,2.0.41,,,,nat_local_to_public_ipv4,6830,213.192.1,,,true,-89,3600000.0,267441732,8240,{111},,,,,,,,
Pb33b72b0-b204-4a17-817d-a3179bc5c99a,O4862e28e-e252-46c6-a510-cc948c7dffb0,2014-11-10 09:46:02,WLAN,WLAN,,,,,,,,,,77,337,,,CZ.NIC,7,1,Android,LGE Nexus 5,2.0.41,,,,nat_local_to_public_ipv4,6830,213.192.1,,,true,-84,3600000.0,267435655,8240,"{111,361}",,,,,,,,
Pb33b72b0-b204-4a17-817d-a3179bc5c99a,O4862e28e-e252-46c6-a510-cc948c7dffb0,2014-11-10 09:46:02,WLAN,WLAN,,,,,,,,,,77,337,,,CZ.NIC,7,1,Android,LGE Nexus 5,2.0.41,,,,nat_local_to_public_ipv4,6830,213.192.1,,,true,-84,3600000.0,267441732,8240,"{111,361}",,,,,,,,
Pb33b72b0-b204-4a17-817d-a3179bc5c99a,O9bbe5926-e15d-4a27-b5df-ff149b010535,2014-11-10 09:48:19,WLAN,WLAN,,,,,,,,,,1590,483,,,CZ.NIC,7,3,Android,LGE Nexus 5,2.0.41,,,,nat_local_to_public_ipv4,6830,213.192.1,,,true,-81,3600000.0,267435655,8240,{111},,,,,,,,
Pb33b72b0-b204-4a17-817d-a3179bc5c99a,O1f57e1d0-92d5-4acd-9efc-082d77fa5f31,2014-11-10 10:48:36,WLAN,WLAN,,,,,,,,,,2031,478,,,CZ.NIC,7,3,Android,LGE Nexus 5,2.0.41,,,,nat_local_to_public_ipv4,6830,213.192.1,,,true,-82,3600000.0,267441732,8240,{111},,,,,,,,
Pb33b72b0-b204-4a17-817d-a3179bc5c99a,Oba72388e-9f19-406d-9fbb-305234791756,2014-11-10 12:01:43,WLAN,WLAN,,,,,,,,,,1713,429,,,CZ.NIC,7,3,Android,LGE Nexus 5,2.0.41,,,,nat_local_to_public_ipv4,6830,213.192.1,,,true,-82,3600000.0,267441732,8240,{111},,,,,,,,
Pb33b72b0-b204-4a17-817d-a3179bc5c99a,O1a5e552c-ded8-4914-98e1-7602dcc82656,2014-11-10 12:03:14,WLAN,WLAN,,,,,,,,,,729,14,,,CZ.NIC,7,1,Android,LGE Nexus 5,2.0.41,,,,nat_local_to_public_ipv4,6830,213.192.1,,,true,-81,3600000.0,267441732,8240,{111},,,,,,,,
Pb33b72b0-b204-4a17-817d-a3179bc5c99a,Oa24b1cb9-84ae-4f31-a4e3-d262d58cc39e,2014-11-10 12:06:37,WLAN,WLAN,,,,,,,,,,617,199,,,CZ.NIC,7,1,Android,LGE Nexus 5,2.0.41,,,,nat_local_to_public_ipv4,6830,213.192.1,,,true,-84,3600000.0,267441732,8240,{111},,,,,,,,
Pb33b72b0-b204-4a17-817d-a3179bc5c99a,Oddcb5b33-b8db-4dab-b163-f316abbbcb58,2014-11-10 12:08:31,WLAN,WLAN,,,,,,,,,,1613,307,,,CZ.NIC,7,3,Android,LGE Nexus 5,2.0.41,,,,nat_local_to_public_ipv4,6830,213.192.1,,,true,-82,3600000.0,267441732,8240,{111},,,,,,,,
Pb33b72b0-b204-4a17-817d-a3179bc5c99a,O12b69e78-6e86-4133-aab5-519819c8f8e4,2014-11-10 12:09:50,WLAN,WLAN,,,,,,,,,,1946,485,,,CZ.NIC,7,3,Android,LGE Nexus 5,2.0.41,,,,nat_local_to_public_ipv4,6830,213.192.1,,,true,-81,3600000.0,267441732,8240,{111},,,,,,,,
Pb33b72b0-b204-4a17-817d-a3179bc5c99a,O46ad709c-f7fd-4b3c-9f96-13ef3a01d8a2,2014-11-10 12:11:31,WLAN,WLAN,,,,,,,,,,1210,119,,,CZ.NIC,7,1,Android,LGE Nexus 5,2.0.41,,,,nat_local_to_public_ipv4,6830,213.192.1,,,true,-83,3600000.0,267435655,8240,{111},,,,,,,,
Pb33b72b0-b204-4a17-817d-a3179bc5c99a,O17922207-87d1-44ae-89c3-9c9e131ae500,2014-11-10 12:14:38,WLAN,WLAN,,,,,,,,,,1953,311,,,CZ.NIC,7,3,Android,LGE Nexus 5,2.0.41,,,,nat_local_to_public_ipv4,6830,213.192.1,,,true,-82,3600000.0,267435655,8240,{111},,,,,,,,
Pb33b72b0-b204-4a17-817d-a3179bc5c99a,O35e6ab86-3c6f-4ad4-b0bc-c105273b004a,2014-11-10 12:18:55,WLAN,WLAN,,,,,,,,,,1621,453,,,CZ.NIC,7,3,Android,LGE Nexus 5,2.0.41,,,,nat_local_to_public_ipv4,6830,213.192.1,,,true,-82,3600000.0,267435655,8240,{111},,,,,,,,
Pb33b72b0-b204-4a17-817d-a3179bc5c99a,O4379e0d4-a99e-4dc0-9a06-ebe586acca87,2014-11-10 12:25:47,WLAN,WLAN,,,,,,,,,,414,450,,,CZ.NIC,7,1,Android,LGE Nexus 5,2.0.41,,,,nat_local_to_public_ipv4,6830,213.192.1,,,true,-82,3600000.0,267435655,8240,{111},,,,,,,,
Pb33b72b0-b204-4a17-817d-a3179bc5c99a,O01b8ce98-ec91-4a69-98ff-75e56f83a26a,2014-11-10 12:27:27,WLAN,WLAN,,,,,,,,,,1618,491,,,CZ.NIC,7,1,Android,LGE Nexus 5,2.0.41,,,,nat_local_to_public_ipv4,6830,213.192.1,,,true,-80,3600000.0,267435655,8240,{111},,,,,,,,
Pb33b72b0-b204-4a17-817d-a3179bc5c99a,O09a5af95-15fc-46ac-b7fb-e5beb6f47c9a,2014-11-10 12:38:02,WLAN,WLAN,,,,,,,,,,793,281,,,CZ.NIC,7,3,Android,LGE Nexus 5,2.0.41,,,,nat_local_to_public_ipv4,6830,213.192.1,,,true,-83,3600000.0,267435655,8240,{111},,,,,,,,
Pb33b72b0-b204-4a17-817d-a3179bc5c99a,O6802c4c0-5217-4763-a0ce-54ceb1c0a8b3,2014-11-10 12:48:32,WLAN,WLAN,,,,,,,,,,12927,18047,,,CZ.NIC,7,3,Android,LGE Nexus 5,2.0.41,,,,nat_public_to_local_ipv4,,172.20.6,,,true,-60,3600000.0,267441732,8240,{111},,,,,,,,
Pb33b72b0-b204-4a17-817d-a3179bc5c99a,O88bd2045-6ee4-4f01-b131-ca40fcac6c97,2014-11-10 13:31:10,WLAN,WLAN,,,,,,,,,,14328,20694,,,CZ.NIC,7,3,Android,LGE Nexus 5,2.0.41,,,,nat_public_to_public_ipv4,8251,78.108.109,,,true,-56,3600000.0,267441732,8240,{111},,,,,,,,
Pb33b72b0-b204-4a17-817d-a3179bc5c99a,O3975137a-b458-4309-ad55-e22786a7f131,2014-11-10 13:37:43,WLAN,WLAN,,,,,,,,,,12624,18835,,,CZ.NIC,7,3,Android,LGE Nexus 5,2.0.41,,,,nat_public_to_public_ipv4,8251,78.108.109,,,true,-56,3600000.0,267441732,8240,{111},,,,,,,,
Pb33b72b0-b204-4a17-817d-a3179bc5c99a,O2c8df563-d0af-4ab7-a7d4-772f30ced786,2014-11-10 13:45:35,WLAN,WLAN,,,,,,,,,,14609,19733,,,CZ.NIC,7,3,Android,LGE Nexus 5,2.0.41,,,,nat_public_to_public_ipv4,8251,78.108.109,,,true,-53,3600000.0,267435655,8240,{111},,,,,,,,
Pb33b72b0-b204-4a17-817d-a3179bc5c99a,O5aa2e771-f992-4875-b2c9-32fe260f81b5,2014-11-10 13:50:33,WLAN,WLAN,,,,,,,,,,1381,493,,,CZ.NIC,7,3,Android,LGE Nexus 5,2.0.41,,,,nat_local_to_public_ipv4,6830,213.192.1,,,true,-80,3600000.0,267435655,8240,{111},,,,,,,,
Pb33b72b0-b204-4a17-817d-a3179bc5c99a,O5aa2e771-f992-4875-b2c9-32fe260f81b5,2014-11-10 13:50:33,WLAN,WLAN,,,,,,,,,,1381,493,,,CZ.NIC,7,3,Android,LGE Nexus 5,2.0.41,,,,nat_local_to_public_ipv4,6830,213.192.1,,,true,-80,3600000.0,267441732,8240,{111},,,,,,,,
Pb33b72b0-b204-4a17-817d-a3179bc5c99a,Oe2809ccb-344b-4e35-ab39-9a62ded89a7d,2014-11-10 13:52:16,WLAN,WLAN,,,,,,,,,,1868,419,,,CZ.NIC,7,3,Android,LGE Nexus 5,2.0.41,,,,nat_local_to_public_ipv4,6830,213.192.1,,,true,-85,3600000.0,267441732,8240,{111},,,,,,,,
Pb33b72b0-b204-4a17-817d-a3179bc5c99a,O622e640d-dddf-46bb-abc7-42ea668cffce,2014-11-10 13:56:20,WLAN,WLAN,,,,,,,,,,1945,470,,,CZ.NIC,7,3,Android,LGE Nexus 5,2.0.41,,,,nat_local_to_public_ipv4,6830,213.192.1,,,true,-81,3600000.0,267441732,8240,{111},,,,,,,,
Pb33b72b0-b204-4a17-817d-a3179bc5c99a,O5f1c7d87-ba3f-4487-bffa-4a403b30cfbd,2014-11-10 13:57:43,WLAN,WLAN,,,,,,,,,,1980,802,,,CZ.NIC,7,3,Android,LGE Nexus 5,2.0.41,,,,nat_local_to_public_ipv4,6830,213.192.1,,,true,-80,3600000.0,267441732,8240,{111},,,,,,,,
Pb33b72b0-b204-4a17-817d-a3179bc5c99a,Off6381aa-3e50-4363-a2b1-e4e4e31ac821,2014-11-10 15:24:06,WLAN,WLAN,,,,,,,,,,270,304,,,CZ.NIC,7,1,Android,LGE Nexus 5,2.0.41,,,,nat_local_to_public_ipv4,6830,213.192.1,,,true,-79,3600000.0,267435655,8240,{111},,,,,,,,
Pb33b72b0-b204-4a17-817d-a3179bc5c99a,Oee5dd68f-eb81-46ed-ad97-da476f408c7e,2014-11-10 15:26:20,WLAN,WLAN,,,,,,,,,,1210,417,,,CZ.NIC,7,3,Android,LGE Nexus 5,2.0.41,,,,nat_local_to_public_ipv4,6830,213.192.1,,,true,-78,3600000.0,267435655,8240,{111},,,,,,,,
Pb33b72b0-b204-4a17-817d-a3179bc5c99a,O75c34a2b-14a9-4707-b6b0-359c4f4fe6bc,2014-11-10 15:29:10,WLAN,WLAN,,,,,,,,,,1904,389,,,CZ.NIC,7,3,Android,LGE Nexus 5,2.0.41,,,,nat_local_to_public_ipv4,6830,213.192.1,,,true,-81,3600000.0,267435655,8240,{111},,,,,,,,
Pb33b72b0-b204-4a17-817d-a3179bc5c99a,Ob9c8bf90-da07-46a0-89ee-d6c291b7c201,2014-11-10 15:37:11,WLAN,WLAN,,,,,,,,,,1905,382,,,CZ.NIC,7,3,Android,LGE Nexus 5,2.0.41,,,,nat_local_to_public_ipv4,6830,213.192.1,,,true,-79,3600000.0,267435655,8240,{111},,,,,,,,
Pb33b72b0-b204-4a17-817d-a3179bc5c99a,O9dda4493-c291-488d-995a-34bfb94e6279,2014-11-10 15:38:40,WLAN,WLAN,,,,,,,,,,1680,486,,,CZ.NIC,7,3,Android,LGE Nexus 5,2.0.41,,,,nat_local_to_public_ipv4,6830,213.192.1,,,true,-80,3600000.0,267435655,8240,{111},,,,,,,,
Pb33b72b0-b204-4a17-817d-a3179bc5c99a,Ofa7515bd-2529-4731-9468-b2e69bd73175,2014-11-10 15:41:00,WLAN,WLAN,,,,,,,,,,1779,438,,,CZ.NIC,7,3,Android,LGE Nexus 5,2.0.41,,,,nat_local_to_public_ipv4,6830,213.192.1,,,true,-79,3600000.0,267435655,8240,{111},,,,,,,,
Pb33b72b0-b204-4a17-817d-a3179bc5c99a,O0e457e45-93f3-4f8f-87f3-18269d1f4f98,2014-11-10 15:45:37,WLAN,WLAN,,,,,,,,,,1961,451,,,CZ.NIC,7,3,Android,LGE Nexus 5,2.0.41,,,,nat_local_to_public_ipv4,6830,213.192.1,,,true,-80,3600000.0,267435655,8240,{111},,,,,,,,
P630f3f5b-e7ff-4f62-9925-99f85c21dced,O1a289475-b8d1-4bbf-a330-5536572014fc,2014-11-11 08:06:10,WLAN,WLAN,,,,,,,,,,2003,438,,,CZ.NIC,7,3,Android,LGE Nexus 5,2.0.41,,,,nat_local_to_public_ipv4,6830,213.192.1,,,true,-81,3600000.0,267435655,8240,{111},,,,,,,,
P630f3f5b-e7ff-4f62-9925-99f85c21dced,O6a7caba8-0796-4b85-b676-564c710374fa,2014-11-11 08:26:26,WLAN,WLAN,,,,,,,,,,1882,393,,,CZ.NIC,7,3,Android,LGE Nexus 5,2.0.41,,,,nat_local_to_public_ipv4,6830,213.192.1,,,true,-83,3600000.0,267435655,8240,{111},,,,,,,,
P630f3f5b-e7ff-4f62-9925-99f85c21dced,O84a6f940-262f-4422-9270-8bf2f999e747,2014-11-11 08:39:45,WLAN,WLAN,,,,,,,,,,1683,447,,,CZ.NIC,7,1,Android,LGE Nexus 5,2.0.41,,,,nat_local_to_public_ipv4,6830,213.192.1,,,true,-81,3600000.0,267435655,8240,{111},,,,,,,,
P630f3f5b-e7ff-4f62-9925-99f85c21dced,Obc9a2819-dd78-4521-94a7-612c8e25b2c5,2014-11-11 08:46:14,WLAN,WLAN,,,,,,,,,,1954,484,,,CZ.NIC,7,3,Android,LGE Nexus 5,2.0.41,,,,nat_local_to_public_ipv4,6830,213.192.1,,,true,-81,3600000.0,267435655,8240,{111},,,,,,,,
P630f3f5b-e7ff-4f62-9925-99f85c21dced,O3f561ba9-7636-4b03-a9b5-c7fecc136301,2014-11-11 08:58:12,WLAN,WLAN,,,,,,,,,,1977,494,,,CZ.NIC,7,3,Android,LGE Nexus 5,2.0.41,,,,nat_local_to_public_ipv4,6830,213.192.1,,,true,-80,3600000.0,267441732,8240,{111},,,,,,,,
P630f3f5b-e7ff-4f62-9925-99f85c21dced,Odeea0c67-3e02-4dc8-bcc1-54f37767be78,2014-11-11 09:00:35,WLAN,WLAN,,,,,,,,,,1906,484,,,CZ.NIC,7,3,Android,LGE Nexus 5,2.0.41,,,,nat_local_to_public_ipv4,6830,213.192.1,,,true,-82,3600000.0,267441732,8240,{111},,,,,,,,
P630f3f5b-e7ff-4f62-9925-99f85c21dced,O66bd073e-eb26-48d4-9af4-a141244e2244,2014-11-11 09:32:17,WLAN,WLAN,,,,,,,,,,1407,289,,,CZ.NIC,7,3,Android,LGE Nexus 5,2.0.41,,,,nat_local_to_public_ipv4,6830,213.192.1,,,true,-84,3600000.0,267441732,8240,{111},,,,,,,,
P630f3f5b-e7ff-4f62-9925-99f85c21dced,O5705c960-b53e-4bf8-a0c6-0df5e892b2cb,2014-11-11 09:37:15,WLAN,WLAN,,,,,,,,,,1878,481,,,CZ.NIC,7,3,Android,LGE Nexus 5,2.0.41,,,,nat_local_to_public_ipv4,6830,213.192.1,,,true,-80,3600000.0,267435655,8240,{111},,,,,,,,
P630f3f5b-e7ff-4f62-9925-99f85c21dced,O46f5f4d4-5e73-4daa-99c7-7bce74eca1b8,2014-11-11 09:39:50,WLAN,WLAN,,,,,,,,,,982,464,,,CZ.NIC,7,3,Android,LGE Nexus 5,2.0.41,,,,nat_local_to_public_ipv4,6830,213.192.1,,,true,-87,3600000.0,267435655,8240,{111},,,,,,,,
P630f3f5b-e7ff-4f62-9925-99f85c21dced,O8eae098a-df17-4112-b725-38470aba9ad2,2014-11-11 09:44:14,WLAN,WLAN,,,,,,,,,,1765,489,,,CZ.NIC,7,3,Android,LGE Nexus 5,2.0.41,,,,nat_local_to_public_ipv4,6830,213.192.1,,,true,-78,3600000.0,267435655,8240,{111},,,,,,,,
P630f3f5b-e7ff-4f62-9925-99f85c21dced,O23930ff4-b84c-4b23-b35a-998a10a95852,2014-11-11 09:46:15,WLAN,WLAN,,,,,,,,,,1934,439,,,CZ.NIC,7,3,Android,LGE Nexus 5,2.0.41,,,,nat_local_to_public_ipv4,6830,213.192.1,,,true,-79,3600000.0,267435655,8240,{111},,,,,,,,
P630f3f5b-e7ff-4f62-9925-99f85c21dced,O613ac39d-9ed1-487e-b8f6-11d58b58a988,2014-11-11 09:47:32,WLAN,WLAN,,,,,,,,,,1912,461,,,CZ.NIC,7,3,Android,LGE Nexus 5,2.0.41,,,,nat_local_to_public_ipv4,6830,213.192.1,,,true,-79,3600000.0,267435655,8240,{111},,,,,,,,
P630f3f5b-e7ff-4f62-9925-99f85c21dced,O92bcbf63-1933-4a0e-a18c-df6cf9d439b0,2014-11-11 11:44:43,WLAN,WLAN,,,,,,,,,,1902,476,,,CZ.NIC,7,3,Android,LGE Nexus 5,2.0.41,,,,nat_local_to_public_ipv4,6830,213.192.1,,,true,-84,3600000.0,267425128,8240,{111},,,,,,,,
P630f3f5b-e7ff-4f62-9925-99f85c21dced,O9be0079f-f976-47c0-9e72-86d0651eaa4c,2014-11-11 13:08:30,WLAN,WLAN,,,,,,,,,,2046,486,,,CZ.NIC,7,3,Android,LGE Nexus 5,2.0.41,,,,nat_local_to_public_ipv4,6830,213.192.1,,,true,-86,3600000.0,267435655,8240,{111},,,,,,,,
P630f3f5b-e7ff-4f62-9925-99f85c21dced,O87e63998-e931-4ed4-9060-9573612783d8,2014-11-11 13:10:15,WLAN,WLAN,,,,,,,,,,1735,478,,,CZ.NIC,7,3,Android,LGE Nexus 5,2.0.41,,,,nat_local_to_public_ipv4,6830,213.192.1,,,true,-84,3600000.0,267435655,8240,{111},,,,,,,,
P630f3f5b-e7ff-4f62-9925-99f85c21dced,O9cc6c0cf-0fdd-437a-ae87-ca5179113706,2014-11-11 13:20:05,WLAN,WLAN,,,,,,,,,,1818,469,,,CZ.NIC,7,3,Android,LGE Nexus 5,2.0.41,,,,nat_local_to_public_ipv4,6830,213.192.1,,,true,-84,3600000.0,267435655,8240,{111},,,,,,,,
P630f3f5b-e7ff-4f62-9925-99f85c21dced,O1a59e425-6632-454a-97fb-30cd3d76a1e3,2014-11-11 13:24:17,WLAN,WLAN,,,,,,,,,,2008,481,,,CZ.NIC,7,3,Android,LGE Nexus 5,2.0.41,,,,nat_local_to_public_ipv4,6830,213.192.1,,,true,-79,3600000.0,267435655,8240,{111},,,,,,,,
P630f3f5b-e7ff-4f62-9925-99f85c21dced,O03bb9a96-3d78-46ed-9562-116fa71f055b,2014-11-11 13:25:10,WLAN,WLAN,,,,,,,,,,1198,338,,,CZ.NIC,7,3,Android,LGE Nexus 5,2.0.41,,,,nat_local_to_public_ipv4,6830,213.192.1,,,true,-81,3600000.0,267435655,8240,{111},,,,,,,,
P630f3f5b-e7ff-4f62-9925-99f85c21dced,O2208b152-f78b-4d67-b30c-5100b7fe71ba,2014-11-11 13:30:19,WLAN,WLAN,,,,,,,,,,1909,262,,,CZ.NIC,7,1,Android,LGE Nexus 5,2.0.41,,,,nat_local_to_public_ipv4,6830,213.192.1,,,true,-85,3600000.0,267435655,8240,{111},,,,,,,,
P630f3f5b-e7ff-4f62-9925-99f85c21dced,Ofa512bfb-4750-4b96-9aad-d968bef50e6b,2014-11-11 13:34:50,WLAN,WLAN,,,,,,,,,,283,232,,,CZ.NIC,7,1,Android,LGE Nexus 5,2.0.41,,,,nat_local_to_public_ipv4,6830,213.192.1,,,true,-84,3600000.0,267435655,8240,{111},,,,,,,,
P630f3f5b-e7ff-4f62-9925-99f85c21dced,O81d992e2-40b8-491f-95f6-445cb91fb0e9,2014-11-11 13:37:55,WLAN,WLAN,,,,,,,,,,114,178,,,CZ.NIC,7,1,Android,LGE Nexus 5,2.0.41,,,,nat_local_to_public_ipv4,6830,213.192.1,,,true,-83,3600000.0,267435655,8240,{111},,,,,,,,
P630f3f5b-e7ff-4f62-9925-99f85c21dced,O3e1540dc-a00f-45a1-aa71-877ebe68e434,2014-11-11 13:41:02,WLAN,WLAN,,,,,,,,,,14522,20200,,,CZ.NIC,7,3,Android,LGE Nexus 5,2.0.41,,,,nat_public_to_local_ipv4,,172.20.6,,,true,-50,3600000.0,267435655,8240,{111},,,,,,,,
P630f3f5b-e7ff-4f62-9925-99f85c21dced,O0bd9ad8a-a5b4-49f7-8a1b-53e2990b16d0,2014-11-11 13:42:30,WLAN,WLAN,,,,,,,,,,13014,20278,,,CZ.NIC,7,3,Android,LGE Nexus 5,2.0.41,,,,nat_public_to_local_ipv4,,172.20.6,,,true,-57,3600000.0,267435655,8240,{111},,,,,,,,
P630f3f5b-e7ff-4f62-9925-99f85c21dced,O6cf00185-21b9-4822-bebd-3cbd57e17e42,2014-11-11 13:46:00,WLAN,WLAN,,,,,,,,,,11619,20621,,,CZ.NIC,7,3,Android,LGE Nexus 5,2.0.41,,,,nat_public_to_local_ipv4,,172.20.6,,,true,-46,3600000.0,267435655,8240,{111},,,,,,,,
P630f3f5b-e7ff-4f62-9925-99f85c21dced,Ob6a8c7f6-a484-4ea5-883c-271ce83d075b,2014-11-11 13:49:01,WLAN,WLAN,,,,,,,,,,612,357,,,CZ.NIC,7,3,Android,LGE Nexus 5,2.0.41,,,,nat_local_to_public_ipv4,6830,213.192.1,,,true,-80,3600000.0,267435655,8240,{111},,,,,,,,
P630f3f5b-e7ff-4f62-9925-99f85c21dced,Oc25db9fc-716d-432d-bf0c-82368c41c80d,2014-11-11 14:53:56,WLAN,WLAN,,,,,,,,,,1933,501,,,CZ.NIC,7,3,Android,LGE Nexus 5,2.0.41,,,,nat_local_to_public_ipv4,6830,213.192.1,,,true,-84,3600000.0,267441732,8240,{111},,,,,,,,
P630f3f5b-e7ff-4f62-9925-99f85c21dced,O49f76c70-c246-4f3a-9232-780e690027c4,2014-11-11 15:03:44,WLAN,WLAN,,,,,,,,,,1975,449,,,CZ.NIC,7,3,Android,LGE Nexus 5,2.0.41,,,,nat_local_to_public_ipv4,6830,213.192.1,,,true,-81,3600000.0,267441732,8240,{111},,,,,,,,
P630f3f5b-e7ff-4f62-9925-99f85c21dced,Of652b1b3-6eb5-481f-9c9f-168fe1842654,2014-11-11 15:47:55,WLAN,WLAN,,,,,,,,,,536,310,,,CZ.NIC,7,3,Android,LGE Nexus 5,2.0.41,,,,nat_local_to_public_ipv4,6830,213.192.1,,,true,-82,3600000.0,267441732,8240,{111},,,,,,,,
P630f3f5b-e7ff-4f62-9925-99f85c21dced,O4b4ede8f-c69c-43e8-a9d6-bd8ed074374d,2014-11-11 16:06:07,WLAN,WLAN,,,,,,,,,,907,483,,,CZ.NIC,7,3,Android,LGE Nexus 5,2.0.41,,,,nat_local_to_public_ipv4,6830,213.192.1,,,true,-80,3600000.0,267441732,8240,{111},,,,,,,,
P630f3f5b-e7ff-4f62-9925-99f85c21dced,Ofd91d082-14f5-4316-8b10-beef6030021d,2014-11-11 16:08:33,WLAN,WLAN,,,,,,,,,,943,471,,,CZ.NIC,7,3,Android,LGE Nexus 5,2.0.41,,,,nat_local_to_public_ipv4,6830,213.192.1,,,true,-80,3600000.0,267441732,8240,{111},,,,,,,,
P630f3f5b-e7ff-4f62-9925-99f85c21dced,Oe0642c3b-b08b-490a-af40-78332b206cee,2014-11-11 16:15:40,WLAN,WLAN,,,,,,,,,,976,483,,,CZ.NIC,7,3,Android,LGE Nexus 5,2.0.41,,,,nat_local_to_public_ipv4,6830,213.192.1,,,true,-81,3600000.0,267441732,8240,{111},,,,,,,,
P630f3f5b-e7ff-4f62-9925-99f85c21dced,O7c1fe6a3-fa73-4f23-b7da-b7c706db13a3,2014-11-11 16:52:34,WLAN,WLAN,,,,,,,,,,1443,356,,,CZ.NIC,7,3,Android,LGE Nexus 5,2.0.41,,,,nat_local_to_public_ipv4,6830,213.192.1,,,true,-78,3600000.0,267441732,8240,{111},,,,,,,,
Pe37ce4a3-e0bc-4b51-a305-14c39f5fd3f7,Oe4b8f78d-b648-48eb-bed4-4262c44a9f7a,2014-11-12 07:27:54,WLAN,WLAN,,,,,,,,,,1662,472,,,CZ.NIC,7,3,Android,LGE Nexus 5,2.0.41,,,,nat_local_to_public_ipv4,6830,213.192.1,,,true,-78,3600000.0,267435655,8240,{111},,,,,,,,
P281c9d6c-21a9-415f-b82d-a44d034e977d,O10c5885a-58ac-4ddf-aa87-d3bd304f17d4,2014-11-12 07:51:36,WLAN,WLAN,,,,,,,,,,971,474,,,CZ.NIC,7,3,Android,LGE Nexus 5,2.0.41,,,,nat_local_to_public_ipv4,6830,213.192.1,,,true,-82,3600000.0,267441732,8240,{111},,,,,,,,
P306ba530-52b2-4002-9eaf-b1dc3d6d27e7,O64cd60b0-1388-4c0e-b8e9-146e1526c38f,2014-11-12 07:59:27,WLAN,WLAN,,,,,,,,,,1271,381,,,CZ.NIC,7,3,Android,LGE Nexus 5,2.0.41,,,,nat_local_to_public_ipv4,6830,213.192.1,,,true,-81,3600000.0,267441732,8240,{111},,,,,,,,
P9f5a99c6-fd07-4d43-bcea-4c97030ea4c1,O5b1f9077-b3d5-43d7-adba-692f9568919b,2014-11-12 08:03:57,WLAN,WLAN,,,,,,,,,,1556,508,,,CZ.NIC,7,3,Android,LGE Nexus 5,2.0.41,,,,nat_local_to_public_ipv4,6830,213.192.1,,,true,-84,3600000.0,267441732,8240,{111},,,,,,,,
P216a43e4-1ca2-421a-b620-2e6d030778ec,O633278aa-42be-4ef6-983e-28b28a11d47a,2014-11-12 08:28:08,WLAN,WLAN,,,,,,,,,,1496,417,,,CZ.NIC,7,3,Android,LGE Nexus 5,2.0.41,,,,nat_local_to_public_ipv4,6830,213.192.1,,,true,-86,3600000.0,267441732,8240,{111},,,,,,,,
P957cc166-f25b-4d15-b5cb-b2d25440c015,O7256c2b0-74cf-448f-80c0-2845eaba0292,2014-11-12 08:35:12,WLAN,WLAN,,,,,,,,,,1930,482,,,CZ.NIC,7,3,Android,LGE Nexus 5,2.0.41,,,,nat_local_to_public_ipv4,6830,213.192.1,,,true,-82,3600000.0,267441732,8240,{111},,,,,,,,
P957cc166-f25b-4d15-b5cb-b2d25440c015,O53b448ad-a576-4342-8fc8-7f4d58d7a662,2014-11-12 08:36:01,WLAN,WLAN,,,,,,,,,,1985,490,,,CZ.NIC,7,3,Android,LGE Nexus 5,2.0.41,,,,nat_local_to_public_ipv4,6830,213.192.1,,,true,-84,3600000.0,267441732,8240,{111},,,,,,,,
Pf4cc240c-dd82-4bda-9320-da21638c9165,O4ab80d94-c01b-4956-9fb8-a4d039c281b9,2014-11-12 09:36:21,WLAN,WLAN,,,,,,,,,,1278,478,,,CZ.NIC,7,3,Android,LGE Nexus 5,2.0.41,,,,nat_local_to_public_ipv4,6830,213.192.1,,,true,-83,3600000.0,267441732,8240,{111},,,,,,,,
Pf4cc240c-dd82-4bda-9320-da21638c9165,O4ab80d94-c01b-4956-9fb8-a4d039c281b9,2014-11-12 09:36:21,WLAN,WLAN,,,,,,,,,,1278,478,,,CZ.NIC,7,3,Android,LGE Nexus 5,2.0.41,,,,nat_local_to_public_ipv4,6830,213.192.1,,,true,-83,3600000.0,267435655,8240,{111},,,,,,,,
Pb368c3c8-601e-4441-a969-4950d179861b,O53952bc3-815c-4860-a4d8-f48849cf24b4,2014-11-12 09:50:25,WLAN,WLAN,,,,,,,,,,1765,490,,,CZ.NIC,7,3,Android,LGE Nexus 5,2.0.41,,,,nat_local_to_public_ipv4,6830,213.192.1,,,true,-81,3600000.0,267441732,8240,{111},,,,,,,,
P731f7616-0c74-40d8-bbc0-21e3b7e9cedf,Oe4d5dfad-7481-40d4-8c3e-9ad697f9d812,2014-11-12 10:26:36,WLAN,WLAN,,,,,,,,,,1381,475,,,CZ.NIC,7,3,Android,LGE Nexus 5,2.0.41,,,,nat_local_to_public_ipv4,6830,213.192.1,,,true,-79,3600000.0,267441732,8240,{111},,,,,,,,
P4b49d657-bfe1-4e47-8c10-2a1f8d9dbc85,O15d0b3e9-92a2-4913-aba4-86d6a10eba0b,2014-11-12 11:00:26,WLAN,WLAN,,,,,,,,,,1495,459,,,CZ.NIC,7,3,Android,LGE Nexus 5,2.0.41,,,,nat_local_to_public_ipv4,6830,213.192.1,,,true,-79,3600000.0,267441732,8240,{111},,,,,,,,
P12292716-2ca0-4327-b700-5b6f678ad2c3,O32fdf030-3b74-44c0-8b43-df6ef17727f4,2014-11-12 12:34:37,WLAN,WLAN,49.7495979,13.3799378,network,42.0,,,,,,1063,439,,,CZ.NIC,7,3,Android,LGE Nexus 5,2.0.41,,,,nat_local_to_public_ipv4,6830,213.192.1,,,true,-82,3600000.0,267441732,8240,{111},,,,,,,,
Pd6850e22-eae2-433e-8d3a-8cd35f946fe8,Oa091957e-7be4-4853-b2d6-f99eef4fdb40,2014-11-12 15:08:53,WLAN,WLAN,49.7495836,13.3799642,network,36.0,,,,,,1939,465,,,CZ.NIC,7,3,Android,LGE Nexus 5,2.0.41,,,,nat_local_to_public_ipv4,6830,213.192.1,,,true,-80,3600000.0,267435655,8240,{111},,,,,,,,
P49af3f5f-39cd-49de-9069-bdbdf0614a4c,Oe3b1b380-59c2-48d2-8f4c-8e14940ddb61,2014-11-13 12:25:21,WLAN,WLAN,,,,,,,,,,1429,436,,,CZ.NIC,7,3,Android,LGE Nexus 5,2.0.41,,,,nat_local_to_public_ipv4,6830,213.192.1,,,true,-80,3600000.0,267435655,8240,{111},,,,,,,,
P49af3f5f-39cd-49de-9069-bdbdf0614a4c,Ob9cb6142-4214-47ef-9334-adeafb322a7c,2014-11-13 12:28:14,WLAN,WLAN,,,,,,,,,,1647,439,,,CZ.NIC,7,3,Android,LGE Nexus 5,2.0.41,,,,nat_local_to_public_ipv4,6830,213.192.1,,,true,-85,3600000.0,267435655,8240,{111},,,,,,,,
P49af3f5f-39cd-49de-9069-bdbdf0614a4c,O0ef62bac-d042-4fcd-8c6f-afd3c819626d,2014-11-13 13:47:45,WLAN,WLAN,,,,,,,,,,1533,487,,,CZ.NIC,7,3,Android,LGE Nexus 5,2.0.41,,,,nat_local_to_public_ipv4,6830,213.192.1,,,true,-81,3600000.0,267435655,8240,{111},,,,,,,,
P49af3f5f-39cd-49de-9069-bdbdf0614a4c,O1a359f00-b55c-47af-a8ef-80b5e8f986e6,2014-11-13 14:11:17,WLAN,WLAN,,,,,,,,,,1964,439,,,CZ.NIC,7,3,Android,LGE Nexus 5,2.0.41,,,,nat_local_to_public_ipv4,6830,213.192.1,,,true,-85,3600000.0,267435655,8240,{111},,,,,,,,
Pa8dab85c-fe40-47f8-9c54-ece5cd375b99,Odb181543-5b56-4188-8ad1-db140de8660a,2014-11-13 15:03:19,WLAN,WLAN,49.74941363,13.37977839,gps,17.0,,,,,,1795,487,,,CZ.NIC,7,3,Android,LGE Nexus 5,2.0.41,,,,nat_local_to_public_ipv4,6830,213.192.1,,,true,-78,3600000.0,267435655,8240,{111},,,,,,,,
P36297905-31dc-4d94-8019-cfcb65ad7099,O1327b735-1094-4b75-8afc-d62685c42288,2014-11-14 08:58:02,WLAN,WLAN,,,,,,,,,,1908,327,,,CZ.NIC,7,3,Android,LGE Nexus 5,2.0.41,,,,nat_local_to_public_ipv4,6830,213.192.1,,,true,-79,3600000.0,267441732,8240,{111},,,,,,,,
P36297905-31dc-4d94-8019-cfcb65ad7099,O1c3716b7-d819-48be-aa65-5247882b5859,2014-11-14 09:56:25,WLAN,WLAN,,,,,,,,,,1961,511,,,CZ.NIC,7,3,Android,LGE Nexus 5,2.0.41,,,,nat_local_to_public_ipv4,6830,213.192.1,,,true,-81,3600000.0,267441732,8240,{111},,,,,,,,
P36297905-31dc-4d94-8019-cfcb65ad7099,Ocb0c6fc5-e246-433c-95a2-394aecd33656,2014-11-14 10:03:46,WLAN,WLAN,,,,,,,,,,1979,480,,,CZ.NIC,7,3,Android,LGE Nexus 5,2.0.41,,,,nat_local_to_public_ipv4,6830,213.192.1,,,true,-86,3600000.0,267425128,8240,{111},,,,,,,,
P36297905-31dc-4d94-8019-cfcb65ad7099,Odea445b5-d039-4d5a-a74b-965273f9f569,2014-11-14 10:15:35,WLAN,WLAN,,,,,,,,,,1112,488,,,CZ.NIC,7,3,Android,LGE Nexus 5,2.0.41,,,,nat_local_to_public_ipv4,6830,213.192.1,,,true,-83,3600000.0,267425128,8240,{111},,,,,,,,
P36297905-31dc-4d94-8019-cfcb65ad7099,O45b2de28-5d6d-44c4-a5e2-feab32a98d30,2014-11-14 10:16:17,WLAN,WLAN,,,,,,,,,,1503,400,,,CZ.NIC,7,3,Android,LGE Nexus 5,2.0.41,,,,nat_local_to_public_ipv4,6830,213.192.1,,,true,-79,3600000.0,267425128,8240,{111},,,,,,,,
P36297905-31dc-4d94-8019-cfcb65ad7099,Oa0d7db3a-b2dd-4331-9ffc-934c2a7dcf18,2014-11-14 10:34:09,WLAN,WLAN,,,,,,,,,,2017,474,,,CZ.NIC,7,3,Android,LGE Nexus 5,2.0.41,,,,nat_local_to_public_ipv4,6830,213.192.1,,,true,-79,3600000.0,267441732,8240,{111},,,,,,,,
P36297905-31dc-4d94-8019-cfcb65ad7099,Ocff9dedb-e175-4ca7-a318-92c3c6ec1e01,2014-11-14 10:37:43,WLAN,WLAN,,,,,,,,,,1717,469,,,CZ.NIC,7,3,Android,LGE Nexus 5,2.0.41,,,,nat_local_to_public_ipv4,6830,213.192.1,,,true,-79,3600000.0,267441732,8240,{111},,,,,,,,
P36297905-31dc-4d94-8019-cfcb65ad7099,Odf914377-4003-43bf-8b51-c1a51ac24b2a,2014-11-14 10:44:31,WLAN,WLAN,49.7496985,13.3798914,network,30.0,,,,,,1957,478,,,CZ.NIC,7,3,Android,LGE Nexus 5,2.0.41,,,,nat_local_to_public_ipv4,6830,213.192.1,,,true,-78,3600000.0,267441732,8240,{111},,,,,,,,
P36297905-31dc-4d94-8019-cfcb65ad7099,O8310852d-cda1-4ba5-9dc1-748b29039a0b,2014-11-14 13:41:25,WLAN,WLAN,,,,,,,,,,1280,469,,,CZ.NIC,7,3,Android,LGE Nexus 5,2.0.41,,,,nat_local_to_public_ipv4,6830,213.192.1,,,true,-83,3600000.0,267441732,8240,{111},,,,,,,,
P36297905-31dc-4d94-8019-cfcb65ad7099,Oeed148c3-4959-4b4a-b561-4f5fa1b789c1,2014-11-14 15:07:12,WLAN,WLAN,,,,,,,,,,1367,492,,,CZ.NIC,7,3,Android,LGE Nexus 5,2.0.41,,,,nat_local_to_public_ipv4,6830,213.192.1,,,true,-86,3600000.0,267441732,8240,{111},,,,,,,,
P36297905-31dc-4d94-8019-cfcb65ad7099,Ocdb69380-5651-488c-a3c8-b1f551f177a6,2014-11-14 15:58:19,WLAN,WLAN,,,,,,,,,,15639,13470,,,CZ.NIC,7,3,Android,LGE Nexus 5,2.0.41,,,,nat_public_to_local_ipv4,,172.20.6,,,true,-60,3600000.0,267441732,8240,{111},,,,,,,,
P36297905-31dc-4d94-8019-cfcb65ad7099,Od54d2ed5-f5a3-4492-b0b6-2acd38642ec5,2014-11-14 16:01:26,WLAN,WLAN,,,,,,,,,,787,193,,,CZ.NIC,7,1,Android,LGE Nexus 5,2.0.41,,,,nat_local_to_public_ipv4,6830,213.192.1,,,true,-89,3600000.0,267435655,8240,{111},,,,,,,,
P36297905-31dc-4d94-8019-cfcb65ad7099,O1470e2e0-9873-4662-adce-263c8d9e89e3,2014-11-14 16:03:30,WLAN,WLAN,,,,,,,,,,877,353,,,CZ.NIC,7,3,Android,LGE Nexus 5,2.0.41,,,,nat_local_to_public_ipv4,6830,213.192.1,,,true,-78,3600000.0,267435655,8240,{111},,,,,,,,
P859eda57-6ee5-479b-bd78-587fc19817d9,Of82dc554-59e6-4903-a316-2e22c7f5121b,2014-11-15 16:12:04,4G,LTE,,,,,,,,,,11206,5847,,-78,CZ.NIC,7,3,Android,LGE Nexus 5,2.0.41,230-01,T-Mobile CZ,230-01,nat_local_to_public_ipv4,13036,37.48.39,,,true,,3600000.0,220162827,40210,{111},,,,,,,,
P4900933a-06b0-4094-98f2-a2915fe2df08,Od8e2f769-05f1-489b-b6a6-d39a9b9187b2,2014-11-18 08:06:24,WLAN,WLAN,,,,,,,,,,1110,455,,,CZ.NIC,7,3,Android,LGE Nexus 5,2.0.41,,,,nat_local_to_public_ipv4,6830,213.192.1,,,true,-89,3600000.0,267441732,8240,{111},,,,,,,,
P4900933a-06b0-4094-98f2-a2915fe2df08,O22234083-b5a5-49ca-877d-f62e7915ad8d,2014-11-18 08:15:49,WLAN,WLAN,,,,,,,,,,330,484,,,CZ.NIC,7,3,Android,LGE Nexus 5,2.0.41,,,,nat_local_to_public_ipv4,6830,213.192.1,,,true,-80,3600000.0,267441732,8240,{111},,,,,,,,
P4900933a-06b0-4094-98f2-a2915fe2df08,O8cce5f17-7694-4b25-961f-0944d404f87d,2014-11-18 08:17:01,WLAN,WLAN,,,,,,,,,,2018,389,,,CZ.NIC,7,3,Android,LGE Nexus 5,2.0.41,,,,nat_local_to_public_ipv4,6830,213.192.1,,,true,-78,3600000.0,267441732,8240,{111},,,,,,,,
P4900933a-06b0-4094-98f2-a2915fe2df08,O0c8a6e94-39de-4637-a4b0-e5a2cdcbab2f,2014-11-18 08:24:31,WLAN,WLAN,,,,,,,,,,1800,419,,,CZ.NIC,7,3,Android,LGE Nexus 5,2.0.41,,,,nat_local_to_public_ipv4,6830,213.192.1,,,true,-76,3600000.0,267441732,8240,{111},,,,,,,,
P4900933a-06b0-4094-98f2-a2915fe2df08,Oa90ba268-b2d8-47d6-9b89-73d1298d2cfd,2014-11-18 08:26:02,WLAN,WLAN,,,,,,,,,,767,430,,,CZ.NIC,7,3,Android,LGE Nexus 5,2.0.41,,,,nat_local_to_public_ipv4,6830,213.192.1,,,true,-80,3600000.0,267441732,8240,{111},,,,,,,,
P4900933a-06b0-4094-98f2-a2915fe2df08,O083d0386-0104-4870-9719-56cb6bf78c90,2014-11-18 08:29:01,WLAN,WLAN,,,,,,,,,,838,248,,,CZ.NIC,7,3,Android,LGE Nexus 5,2.0.41,,,,nat_local_to_public_ipv4,6830,213.192.1,,,true,-81,3600000.0,267441732,8240,{111},,,,,,,,
P4900933a-06b0-4094-98f2-a2915fe2df08,Oc3505fba-5607-468a-8606-ca7c0e1ed832,2014-11-18 08:31:18,WLAN,WLAN,,,,,,,,,,745,361,,,CZ.NIC,7,1,Android,LGE Nexus 5,2.0.41,,,,nat_local_to_public_ipv4,6830,213.192.1,,,true,-82,3600000.0,267441732,8240,{111},,,,,,,,
P4900933a-06b0-4094-98f2-a2915fe2df08,O5a5f836a-4cd0-413c-998a-89fccd7bbc83,2014-11-18 09:23:48,3G,HSPA+,49.74938316,13.37990962,gps,12.0,,,,,,10127,3182,,,CZ.NIC,7,3,Android,LGE Nexus 5,2.0.41,230-01,T-Mobile CZ,230-01,nat_local_to_public_ipv4,13036,37.48.39,,,true,-75,3600000.0,267441732,8240,{111},,,,,,,,
P4900933a-06b0-4094-98f2-a2915fe2df08,O31c7154f-66d1-494e-b1e6-26cdc9cf445d,2014-11-18 09:39:32,3G,HSPA+,49.74939357,13.37989055,gps,11.0,,,,,,9240,3093,,,CZ.NIC,7,3,Android,LGE Nexus 5,2.0.41,230-01,T-Mobile CZ,230-01,nat_local_to_public_ipv4,13036,37.48.39,,,true,-65,3600000.0,267435655,8240,{111},,,,,,,,
P8cae249b-2585-4020-aafc-fd303580f770,O98e400a9-b100-48a5-93c7-b1e25a2958c2,2014-11-18 10:49:43,WLAN,WLAN,,,,,,,,,,12855,18768,,,CZ.NIC,7,3,iOS,Emulator x86_64,1.3,,,,no_nat_ipv4,,172.20.6,,,true,,3600000.0,,,{111},,,,,,,,
P8cae249b-2585-4020-aafc-fd303580f770,Od47fb478-3579-4657-b7e5-45e1179f08cd,2014-11-18 10:51:45,WLAN,WLAN,,,,,,,,,,13595,20106,,,CZ.NIC,7,3,iOS,Emulator x86_64,1.3,,,,no_nat_ipv4,,172.20.6,,,true,,3600000.0,,,{111},,,,,,,,
P8cae249b-2585-4020-aafc-fd303580f770,O0c92d660-2a19-49a4-8cbb-97a876d60427,2014-11-18 12:09:57,WLAN,WLAN,,,,,,,,,,12847,16888,,,CZ.NIC,7,3,iOS,Emulator x86_64,1.3,,,,no_nat_ipv4,,172.20.6,,,true,,3600000.0,,,{111},,,,,,,,
Pef6984c8-807d-4793-a0de-0169d2a4b71d,O0b123576-5246-4dd5-9786-4ec73ed484de,2014-11-18 12:15:40,WLAN,WLAN,,,,,,,,,,12658,18934,,,CZ.NIC,7,3,iOS,Emulator x86_64,1.3,,,,no_nat_ipv4,,172.20.6,,,true,,3600000.0,,,{111},,,,,,,,
Pef6984c8-807d-4793-a0de-0169d2a4b71d,Ocf94be6a-8348-4e66-9123-13d88cbe928e,2014-11-18 12:19:17,WLAN,WLAN,,,,,,,,,,13226,17488,,,CZ.NIC,7,3,iOS,Emulator x86_64,1.3,,,,no_nat_ipv4,,172.20.6,,,true,,3600000.0,,,{111},,,,,,,,
P1b4e0da2-d7b3-4fd4-92bc-368261bbe4f1,O079cdb51-5ca1-4398-8b18-d3a9424098fc,2014-11-18 12:20:46,WLAN,WLAN,,,,,,,,,,13443,18544,,,CZ.NIC,7,3,iOS,Emulator x86_64,1.3,,,,no_nat_ipv4,,172.20.6,,,true,,3600000.0,,,{111},,,,,,,,
P3c9d13f7-4858-4ed4-a317-59298994f1bf,O4036c159-a21c-4c70-b8f3-30e2b027a464,2014-11-18 12:47:52,WLAN,WLAN,51.51035103510351,-0.13360323886639677,,5.0,,,,,,12632,19594,,,CZ.NIC,7,3,iOS,Emulator x86_64,1.3,,,,no_nat_ipv4,,172.20.6,,,true,,3600000.0,,,{111},,,,,,,,
P3c9d13f7-4858-4ed4-a317-59298994f1bf,Oc7bed52d-7731-4dda-9c6e-32a193824610,2014-11-18 12:56:29,WLAN,WLAN,51.51035103510351,-0.13360323886639677,,5.0,,,,,,14160,15012,,,CZ.NIC,7,3,iOS,Emulator x86_64,1.3,,,,no_nat_ipv4,,172.20.6,,,true,,3600000.0,,,{111},,,,,,,,
P3c9d13f7-4858-4ed4-a317-59298994f1bf,Ofa5516fd-f4a7-4868-9689-b140bde54cb9,2014-11-18 13:18:52,WLAN,WLAN,51.51035103510351,-0.13360323886639677,,5.0,,,,,,10970,16801,,,CZ.NIC,7,3,iOS,Emulator x86_64,1.3,,,,no_nat_ipv4,,172.20.6,,,true,,3600000.0,,,{111},,,,,,,,
P3c9d13f7-4858-4ed4-a317-59298994f1bf,Of31a5280-ab22-4d02-b375-b024204f5ac9,2014-11-18 14:34:28,WLAN,WLAN,,,,,,,,,,12602,14819,,,CZ.NIC,7,3,iOS,Emulator x86_64,1.3,,,,no_nat_ipv4,,172.20.6,,,true,,3600000.0,,,{111},,,,,,,,
Pba4b0e1b-7afd-4f80-88b1-cbc467932c19,O6608a1b2-e655-4b71-b635-9de2e46e6e47,2014-11-19 09:16:46,WLAN,WLAN,,,,,,,,,,11443,12943,,,CZ.NIC,7,3,iOS,Emulator x86_64,1.3,,,,no_nat_ipv4,,172.20.6,,,true,,3600000.0,,,{111},,,,,,,,
Pba4b0e1b-7afd-4f80-88b1-cbc467932c19,O0b585926-2b04-44fa-aca2-e60b537f9f5c,2014-11-19 10:08:59,WLAN,WLAN,,,,,,,,,,12744,20177,,,CZ.NIC,7,3,iOS,Emulator x86_64,1.3,,,,no_nat_ipv4,,172.20.6,,,true,,3600000.0,,,{111},,,,,,,,
P7cb6d706-0712-47bb-9bf2-17133fdf4cfe,Of89b8bec-e977-43d3-82e6-3d4cb7898ae1,2014-11-19 11:52:03,WLAN,WLAN,,,,,,,,,,13236,16956,,,CZ.NIC,7,3,iOS,Emulator x86_64,1.3,,,,no_nat_ipv4,,172.20.6,,,true,,3600000.0,,,{111},,,,,,,,
P7cb6d706-0712-47bb-9bf2-17133fdf4cfe,O6095821a-1b23-4bfe-b465-1cc144812b03,2014-11-19 12:24:16,WLAN,WLAN,,,,,,,,,,11194,16014,,,CZ.NIC,7,3,iOS,Emulator x86_64,1.3,,,,no_nat_ipv4,,172.20.6,,,true,,3600000.0,,,{111},,,,,,,,
P7cb6d706-0712-47bb-9bf2-17133fdf4cfe,O55307846-6767-411f-bddf-a8b5ee88e374,2014-11-19 13:57:35,WLAN,WLAN,51.51035103510351,-0.13360323886639677,,5.0,,,,,,11654,19538,,,CZ.NIC,7,3,iOS,Emulator x86_64,1.3,,,,no_nat_ipv4,,172.20.6,,,true,,3600000.0,,,{111},,,,,,,,
P54cd628a-c4b3-480e-94d2-873853785c48,O9319f2e7-dcda-47da-b8a3-13b4ae79e0ac,2014-11-20 10:31:20,WLAN,WLAN,,,,,,,,,,13580,18277,,,CZ.NIC,7,3,iOS,Emulator x86_64,1.3,,,,no_nat_ipv4,,172.20.6,,,true,,3600000.0,,,{111},,,,,,,,
P54cd628a-c4b3-480e-94d2-873853785c48,O6774df5e-707d-4783-9ae1-b6bd36640d90,2014-11-20 10:57:21,WLAN,WLAN,,,,,,,,,,14577,20577,,,CZ.NIC,7,3,iOS,Emulator x86_64,1.3,,,,no_nat_ipv4,,172.20.6,,,true,,3600000.0,,,{111},,,,,,,,
P54cd628a-c4b3-480e-94d2-873853785c48,O0f9c676e-42b1-4356-b605-d607475349b0,2014-11-20 12:59:17,WLAN,WLAN,,,,,,,,,,10930,18965,,,CZ.NIC,7,3,iOS,Emulator x86_64,1.3,,,,no_nat_ipv4,,172.20.6,,,true,,3600000.0,,,{111},,,,,,,,
P54cd628a-c4b3-480e-94d2-873853785c48,Of00c9fff-36cb-4c95-a8aa-fde32373ebf1,2014-11-20 13:08:08,WLAN,WLAN,,,,,,,,,,13227,20714,,,CZ.NIC,7,3,iOS,Emulator x86_64,1.3,,,,no_nat_ipv4,,172.20.6,,,true,,3600000.0,,,{111},,,,,,,,
P54cd628a-c4b3-480e-94d2-873853785c48,Oa0ed61d0-a596-4dc7-a311-a6fea004de33,2014-11-20 13:26:25,WLAN,WLAN,,,,,,,,,,13046,18899,,,CZ.NIC,7,3,iOS,Emulator x86_64,1.3,,,,no_nat_ipv4,,172.20.6,,,true,,3600000.0,,,{111},,,,,,,,
P54cd628a-c4b3-480e-94d2-873853785c48,O6cb45634-10f4-4554-8424-cb38be4e7229,2014-11-20 15:32:14,WLAN,WLAN,,,,,,,,,,11351,19204,,,CZ.NIC,7,3,iOS,Emulator x86_64,1.3,,,,no_nat_ipv4,,172.20.6,,,true,,3600000.0,,,{111},,,,,,,,
P937a3669-e25f-4f94-8dd8-4d523bd98498,Oba0855b1-3182-4783-a126-5a2b81255fd0,2014-11-21 08:42:58,WLAN,WLAN,,,,,,,,,,1957,488,,,CZ.NIC,7,3,Android,LGE Nexus 5,2.0.41,,,,nat_local_to_public_ipv4,6830,213.192.1,,,true,-78,3600000.0,267435655,8240,{111},,,,,,,,
Pc1622767-28e1-44d2-8375-e90f48d3e510,O16e02f56-fa0d-427f-8f76-dd720065d897,2014-11-21 12:33:02,WLAN,WLAN,,,,,,,,,,1146,431,,,CZ.NIC,7,3,Android,LGE Nexus 5,2.0.41,,,,nat_local_to_public_ipv4,6830,213.192.1,,,true,-85,3600000.0,267441732,8240,{111},,,,,,,,
Pefcab547-2f02-44d3-a5f1-4908139750a7,Of8f4cf2f-1674-40ce-b181-2d799d8395aa,2014-11-21 13:35:56,WLAN,WLAN,,,,,,,,,,1877,486,,,CZ.NIC,7,3,Android,LGE Nexus 5,2.0.41,,,,nat_local_to_public_ipv4,6830,213.192.1,,,true,-82,3600000.0,267435655,8240,{111},,,,,,,,
Pefcab547-2f02-44d3-a5f1-4908139750a7,Oe2f1be85-04a9-4057-9ef8-38849f71a622,2014-11-21 14:46:45,3G,HSPA+,,,,,,,,,,9319,3480,,,CZ.NIC,7,3,Android,LGE Nexus 5,2.0.41,230-01,T-Mobile CZ,230-01,nat_local_to_public_ipv4,13036,37.48.35,,,true,-69,3600000.0,267441732,8240,{111},,,,,,,,
Pefcab547-2f02-44d3-a5f1-4908139750a7,Oa41882f3-84fd-4770-b631-7e58622ba328,2014-11-21 15:10:29,3G,HSPA+,,,,,,,,,,9633,3027,,,CZ.NIC,7,3,Android,LGE Nexus 5,2.0.41,230-01,T-Mobile CZ,230-01,nat_local_to_public_ipv4,13036,37.48.41,,,true,-57,3600000.0,267435655,8240,{111},,,,,,,,
Pefcab547-2f02-44d3-a5f1-4908139750a7,O5f20ed79-b4e6-4415-ab1e-a357aa510664,2014-11-21 15:11:17,3G,HSPA+,49.7496194,13.3799785,network,30.0,,,,,,9541,3005,,,CZ.NIC,7,3,Android,LGE Nexus 5,2.0.41,230-01,T-Mobile CZ,230-01,nat_local_to_public_ipv4,13036,37.48.41,,,true,-61,3600000.0,267435655,8240,{111},,,,,,,,
Pefcab547-2f02-44d3-a5f1-4908139750a7,O9b174d40-e754-4cb5-9eb3-17853b961a23,2014-11-21 15:17:48,3G,HSPA+,49.74934864,13.37997665,gps,11.0,,,,,,10257,3551,,,CZ.NIC,7,3,Android,LGE Nexus 5,2.0.41,230-01,T-Mobile CZ,230-01,nat_local_to_public_ipv4,13036,37.48.41,,,true,-73,3600000.0,267441732,8240,{111},,,,,,,,
Pefcab547-2f02-44d3-a5f1-4908139750a7,Oc9d8d7f3-8979-4826-aa9f-7f594da2d3a3,2014-11-21 15:33:02,3G,HSPA+,49.74940048,13.37996066,gps,9.0,,,,,,10300,2940,,,CZ.NIC,7,3,Android,LGE Nexus 5,2.0.41,230-01,T-Mobile CZ,230-01,nat_local_to_public_ipv4,13036,37.48.41,,,true,-65,3600000.0,267441732,8240,{111},,,,,,,,
P13dcc437-e6a3-49a4-be90-933c525e4bf3,O75d1cd9e-c5a2-4a36-ab85-c253380c469d,2014-11-26 08:56:35,3G,HSPA+,,,,,,,,,,20513,3178,,,CZ.NIC,7,3,Android,LGE Nexus 5,2.0.41-CZ_0.9-1-g9cd029e-master,230-01,T-Mobile CZ,230-01,nat_local_to_public_ipv4,13036,37.48.38,,,true,-65,3600000.0,267441732,8240,{111},,,,,,,,
P13dcc437-e6a3-49a4-be90-933c525e4bf3,Oa0a523c0-85b0-41ff-84a8-e8ef0919bbae,2014-11-26 09:40:02,3G,HSPA+,,,,,,,,,,15654,3428,,,CZ.NIC,7,3,Android,LGE Nexus 5,2.0.41-CZ_0.9-1-g9cd029e-master,230-01,T-Mobile CZ,230-01,nat_local_to_public_ipv4,13036,37.48.38,,,true,-67,3600000.0,267441732,8240,{111},,,,,,,,
P13dcc437-e6a3-49a4-be90-933c525e4bf3,Oa0a523c0-85b0-41ff-84a8-e8ef0919bbae,2014-11-26 09:40:02,3G,HSPA+,,,,,,,,,,15654,3428,,,CZ.NIC,7,3,Android,LGE Nexus 5,2.0.41-CZ_0.9-1-g9cd029e-master,230-01,T-Mobile CZ,230-01,nat_local_to_public_ipv4,13036,37.48.38,,,true,-67,3600000.0,267435655,8240,{111},,,,,,,,
Pee33a879-a5a1-4c71-ad72-55855157f9c0,O428a769c-8364-4abc-a695-9e02c9e3d844,2014-11-26 12:08:45,WLAN,WLAN,,,,,,,,,,12225,19902,,,CZ.NIC,7,3,iOS,Emulator x86_64,1.3,,,,no_nat_ipv4,,172.20.6,,,true,,3600000.0,,,{111},,,,,,,,
P13dcc437-e6a3-49a4-be90-933c525e4bf3,Ofe3d2aac-14b7-4082-9df5-482aa1923740,2014-11-26 13:26:50,3G,HSPA+,,,,,,,,,,21455,2871,,,CZ.NIC,7,3,Android,LGE Nexus 5,2.0.41-CZ_0.9-1-g9cd029e-master,230-01,T-Mobile CZ,230-01,nat_local_to_public_ipv4,13036,37.48.36,,,true,-59,3600000.0,267435655,8240,{111},,,,,,,,
P13dcc437-e6a3-49a4-be90-933c525e4bf3,O2f55dca8-8b9b-420c-851f-ac55d47a0adf,2014-11-26 13:34:59,WLAN,WLAN,,,,,,,,,,1733,466,,,CZ.NIC,7,3,Android,LGE Nexus 5,2.0.41-CZ_0.9-1-g9cd029e-master,,,,nat_local_to_public_ipv4,6830,213.192.1,,,true,-79,3600000.0,267441732,8240,{111},,,,,,,,
Pb7609a52-ec9f-4fc1-ba07-decec1515ea6,O497f1678-0818-4726-9aaf-d2b579e8564e,2014-11-26 13:41:40,WLAN,WLAN,,,,,,,,,,1652,451,,,CZ.NIC,7,3,Android,LGE Nexus 5,2.0.41,,,,nat_local_to_public_ipv4,6830,213.192.1,1921,461,true,-85,3600000.0,267441732,8240,{111},,,,,,,,
Pfceaaecd-213b-480b-a229-61ebd8415288,Oa45eec28-7ea4-484a-bb2d-50aaad7152d5,2014-11-26 15:49:53,WLAN,WLAN,,,,,,,,,,1742,482,,,CZ.NIC,7,3,Android,LGE Nexus 5,2.0.41-CZ_0.9-1-g9cd029e-master,,,,nat_local_to_public_ipv4,6830,213.192.1,,,true,-84,3600000.0,267435655,8240,{111},,,,,,,,
Pfceaaecd-213b-480b-a229-61ebd8415288,O31276e62-64a0-4af9-98d8-31235393db7a,2014-11-26 15:51:19,WLAN,WLAN,,,,,,,,,,14665,18811,,,CZ.NIC,7,3,Android,LGE Nexus 5,2.0.41-CZ_0.9-1-g9cd029e-master,,,,nat_public_to_local_ipv4,,172.20.6,,,true,-58,3600000.0,267435655,8240,{111},,,,,,,,
P5f2fccf1-7e3b-4fe8-8951-d7ce8dda52e2,O1a53d119-04c6-478b-85d2-38dcbb351497,2014-11-27 11:37:51,WLAN,WLAN,,,,,,,,,,13723,16577,,,CZ.NIC,7,3,iOS,Emulator x86_64,1.3,,,,no_nat_ipv4,,172.20.6,,,true,,3600000.0,,,{111},,,,,,,,
P5f921e89-8383-4b43-9cb8-f7155a4f2aff,O4f5f3d61-ef78-4f19-9f20-8e2f25b2362b,2014-11-27 11:42:30,WLAN,WLAN,,,,,,,,,,14076,15189,,,CZ.NIC,7,3,iOS,Emulator x86_64,1.3,,,,no_nat_ipv4,,172.20.6,,,true,,3600000.0,,,{111},,,,,,,,
P9eacd4e7-5d91-4063-a42d-80005275dd9e,O0e5b8163-539f-4e85-a211-77df4e01af6f,2014-11-27 11:43:57,WLAN,WLAN,,,,,,,,,,13731,18090,,,CZ.NIC,7,3,iOS,Emulator x86_64,1.3,,,,no_nat_ipv4,,172.20.6,,,true,,3600000.0,,,{111},,,,,,,,
P40b8a589-93b9-45aa-bad5-bb11a3993514,O67e904d9-4934-4da5-8025-8982bc849849,2014-11-27 13:15:19,WLAN,WLAN,,,,,,,,,,13371,16038,,,CZ.NIC,7,3,iOS,Emulator x86_64,1.3,,,,no_nat_ipv4,,172.20.6,,,true,,3600000.0,,,{111},,,,,,,,
P40b8a589-93b9-45aa-bad5-bb11a3993514,O4cd4a321-c1b9-4738-a75f-0d911c78331c,2014-11-27 13:17:08,WLAN,WLAN,,,,,,,,,,13206,16982,,,CZ.NIC,7,3,iOS,Emulator x86_64,1.3,,,,no_nat_ipv4,,172.20.6,,,true,,3600000.0,,,{111},,,,,,,,
P40b8a589-93b9-45aa-bad5-bb11a3993514,O6831eeea-f2aa-46a6-8a26-47fd24e10d12,2014-11-27 13:27:41,WLAN,WLAN,,,,,,,,,,13405,19381,,,CZ.NIC,7,3,iOS,Emulator x86_64,1.3,,,,no_nat_ipv4,,172.20.6,,,true,,3600000.0,,,{111},,,,,,,,
P6214554a-5d41-4282-b1b8-3febf34f1292,O6fa2c519-b0a6-4ebb-950c-69f84e3ee38c,2014-11-27 14:41:30,3G,HSPA+,,,,,,,,,,25054,3250,,,CZ.NIC,7,3,Android,LGE Nexus 5,2.0.41,230-01,T-Mobile CZ,230-01,nat_local_to_public_ipv4,13036,37.48.45,,,true,-57,3600000.0,267441732,8240,{111},,,,,,,,
P71aaed45-483a-434b-9110-8ef4c866e733,Oc4dd5a69-67b5-49eb-b65b-2d56d308fd03,2014-11-27 14:59:58,WLAN,WLAN,,,,,,,,,,971,128,,,CZ.NIC,7,3,Android,LGE Nexus 5,2.0.41,,,,nat_local_to_public_ipv4,6830,213.192.1,,,true,-83,3600000.0,267441732,8240,{111},,,,,,,,
P87c2f522-768e-4687-a399-8d5095bc52be,Ob9f5eb31-38d0-4931-8a99-e177b3ce180b,2014-11-27 15:05:00,WLAN,WLAN,,,,,,,,,,1482,453,,,CZ.NIC,7,3,Android,LGE Nexus 5,2.0.41,,,,nat_local_to_public_ipv4,6830,213.192.1,,,true,-80,3600000.0,267435655,8240,{111},,,,,,,,
Pd4506f79-9bf8-4455-97b7-ad37137702f9,Obb840787-1ded-4fb8-bc53-585896507f34,2014-11-27 15:30:01,WLAN,WLAN,,,,,,,,,,14596,19661,,,CZ.NIC,7,3,Android,LGE Nexus 5,2.0.41,,,,nat_public_to_local_ipv4,,172.20.6,,,true,-58,3600000.0,267435655,8240,{111},,,,,,,,
P7f681cab-eb6d-41a0-bb43-bd1e79b9ea86,O4b635744-4643-4b5c-b2ce-7e063ddbfe88,2014-11-27 15:45:18,WLAN,WLAN,,,,,,,,,,688,381,,,CZ.NIC,7,3,Android,LGE Nexus 5,2.0.41-CZ_0.9-7-g38b0e58-master,,,,nat_local_to_public_ipv4,6830,213.192.1,,,true,-84,3600000.0,267441732,8240,{111},,,,,,,,
P6d8f0a0f-96ed-4fa8-8dbb-0a3c52dad34b,O715bc908-8013-4ded-b34e-a55b4efab240,2014-11-27 16:06:51,WLAN,WLAN,,,,,,,,,,509,257,,,CZ.NIC,7,1,Android,LGE Nexus 5,2.0.41-CZ_0.9-7-g38b0e58-master,,,,nat_local_to_public_ipv4,6830,213.192.1,,,true,-81,3600000.0,267425128,8240,{111},,,,,,,,
P6d8f0a0f-96ed-4fa8-8dbb-0a3c52dad34b,O31e3cea6-6384-4b23-b15b-7eef8eaea473,2014-11-27 16:21:30,WLAN,WLAN,,,,,,,,,,1561,321,,,CZ.NIC,7,3,Android,LGE Nexus 5,2.0.41-CZ_0.9-7-g38b0e58-master,,,,nat_local_to_public_ipv4,6830,213.192.1,,,true,-83,3600000.0,267425125,8240,{111},,,,,,,,
P68635a5a-4dbf-4cc7-9e3f-9177968633eb,O8da704da-22ca-455e-bcc3-59d64022ee2a,2014-11-28 08:40:27,WLAN,WLAN,,,,,,,,,,14243,19876,,,CZ.NIC,7,3,iOS,Emulator x86_64,1.3,,,,nat_public_to_local_ipv6,,::,,,true,,3600000.0,,,{111},,,,,,,,
P20fadd7f-8455-4c68-ab65-481aec3e442e,O6bd97f90-dea9-4465-803f-53e0b1502492,2014-11-28 08:45:25,WLAN,WLAN,,,,,,,,,,12825,18879,,,CZ.NIC,7,3,iOS,Emulator x86_64,1.3,,,,nat_public_to_local_ipv6,,::,,,true,,3600000.0,,,{111},,,,,,,,
P90558d17-153a-4e7b-93c1-39cdc6e2197f,Oe63bb73b-fd12-4eef-b56b-aa90f09faecf,2014-11-28 12:09:28,3G,HSPA+,,,,,,,,,,25581,3609,,,CZ.NIC,7,3,Android,LGE Nexus 5,2.0.41,230-01,T-Mobile CZ,230-01,nat_local_to_public_ipv4,13036,37.48.44,,,true,-63,3600000.0,267435655,8240,{111},,,,,,,,
P90558d17-153a-4e7b-93c1-39cdc6e2197f,Off5977f7-a395-413c-ba12-c700259c914c,2014-11-28 12:57:33,3G,HSPA+,,,,,,,,,,23611,3187,,,CZ.NIC,7,3,Android,LGE Nexus 5,2.0.41,230-01,T-Mobile CZ,230-01,nat_local_to_public_ipv4,13036,37.48.44,,,true,-61,3600000.0,267441732,8240,{111},,,,,,,,
P90558d17-153a-4e7b-93c1-39cdc6e2197f,O8597a0a3-5369-442d-a0a0-805112006dd8,2014-11-28 12:59:23,3G,HSPA+,49.74920692,13.37993539,gps,9.0,,,,,,23290,3065,,,CZ.NIC,7,3,Android,LGE Nexus 5,2.0.41,230-01,T-Mobile CZ,230-01,nat_local_to_public_ipv4,13036,37.48.44,,,true,-63,3600000.0,267435655,8240,{111},,,,,,,,
P4ee6ea22-2b2e-469d-9650-69d55f98375b,Oa0cf6a99-843a-48d9-8743-16729d465dd4,2014-11-28 13:29:49,3G,HSPA+,49.74928808,13.37987048,gps,12.0,,,,,,23224,3545,,,CZ.NIC,7,3,Android,LGE Nexus 5,2.0.41,230-01,T-Mobile CZ,230-01,nat_local_to_public_ipv4,13036,37.48.44,,,true,-73,3600000.0,267435655,8240,{111},,,,,,,,
P7fdf1e12-6692-430a-976d-04b2334dd901,O21c76c3c-c782-4971-a9c8-642b553d97f9,2014-11-28 15:06:25,3G,HSPA+,49.74933801,13.37993451,gps,30.0,,,,,,20411,2688,,,CZ.NIC,7,3,Android,LGE Nexus 5,2.0.41,230-01,T-Mobile CZ,230-01,nat_local_to_public_ipv4,13036,37.48.44,,,true,-67,3600000.0,267441732,8240,{111},,,,,,,,
Pf2f7863f-a905-43ed-9000-84efe802afd0,Odb6315dc-a22f-439d-b4a2-f17941c42813,2014-11-28 15:14:06,3G,HSPA+,49.74920408,13.37992576,gps,6.0,,,,,,22116,2912,,,CZ.NIC,7,3,Android,LGE Nexus 5,2.0.41-CZ_0.9.1-master,230-01,T-Mobile CZ,230-01,nat_local_to_public_ipv4,13036,37.48.44,,,true,-63,3600000.0,267435655,8240,{111},,,,,,,,
Pf19ea360-13eb-4c9e-b9e8-12f76869506f,O20c73289-6760-4bd8-82ba-11913493dfc4,2014-11-28 15:36:17,WLAN,WLAN,,,,,,,,,,16446,19856,,,CZ.NIC,7,3,iOS,Emulator x86_64,1.3,,,,nat_public_to_local_ipv6,,::,,,true,,3600000.0,,,{111},,,,,,,,
Pfec8df1b-7192-4757-8807-72cfe7593820,O1c4c34cb-851a-437c-b529-6ee45fbabbea,2014-11-28 21:04:47,WLAN,WLAN,49.80532954,14.28002245,gps,23.0,,,,,,15374,4294,,,CZ.NIC,7,3,Android,Galaxy S5 (SM-G900F),2.0.41-CZ_0.9.1-master,,,,nat_local_to_public_ipv4,42189,77.240.96,,,true,-65,3600000.0,6298170,9021,{111},,,,,,,,
Pfec8df1b-7192-4757-8807-72cfe7593820,O7f262151-2fd1-41e9-93ea-d97068ff1e6d,2014-11-28 21:05:37,3G,HSPA,49.80523272,14.28006739,gps,13.0,,,,,,7376,1586,,,CZ.NIC,7,3,Android,Galaxy S5 (SM-G900F),2.0.41-CZ_0.9.1-master,230-03,Vodafone CZ,230-03,nat_local_to_public_ipv4,16019,46.135.6,,,true,-77,3600000.0,6298170,9021,{111},,,,,,,,
P73695703-cbc1-4bff-906d-e05bf865419a,O52ca5f75-720a-47d6-a827-22c20dd62491,2014-11-29 08:02:47,3G,HSPA+,50.10266333,14.38817828,gps,4.0,,,,,,20360,4176,,,CZ.NIC,7,3,Android,Galaxy S4 LTE,2.0.41-CZ_0.9.1-master,230-03,Vodafone CZ,230-03,nat_local_to_public_ipv4,16019,46.135.45,,,true,-73,3600000.0,185688,34600,{111},,,,,,,,
P4ae083a6-59e0-4a72-9115-cde7b30f156c,O3f7f1c39-73c7-4bfb-8377-cb3d124f0702,2014-11-29 14:43:06,2G,EDGE,50.1044179,14.3904102,network,30.0,,,,,,51,24,,,CZ.NIC,7,1,Android,Galaxy S4 LTE,2.0.41-CZ_0.9.1-master,230-03,Vodafone CZ,230-03,nat_local_to_public_ipv4,16019,46.135.57,,,true,-99,3600000.0,19243,34600,{111},,,,,,,,
P4ae083a6-59e0-4a72-9115-cde7b30f156c,O8266e22e-c1ca-42a4-89bc-5eb6e09f3f1c,2014-11-29 17:07:24,3G,HSPA+,50.10194198,14.41667469,gps,6.0,,,,,,12061,2714,,,CZ.NIC,7,3,Android,Galaxy S4 LTE,2.0.41-CZ_0.9.1-master,230-03,Vodafone CZ,230-03,nat_local_to_public_ipv4,16019,46.135.14,,,true,-87,3600000.0,185674,34600,{111},,,,,,,,
Pe1ddf382-45cf-48dd-b8b7-8ed38d2c8d18,Oa40053ec-b389-40be-a36c-72e6f3ea4f02,2014-11-29 20:41:51,WLAN,WLAN,50.1483466,15.1206821,network,34.698001861572266,,,,,,18584,8461,,,CZ.NIC,7,3,Android,Galaxy S4 (GT-I9515),2.0.41-CZ_0.9.1-master,,,,nat_local_to_public_ipv4,196735,188.75.128,,,true,-61,3600000.0,27894,20500,{111},,,,,,,,
Pe1ddf382-45cf-48dd-b8b7-8ed38d2c8d18,Oa40053ec-b389-40be-a36c-72e6f3ea4f02,2014-11-29 20:41:51,WLAN,WLAN,50.1483466,15.1206821,network,34.698001861572266,,,,,,18584,8461,,,CZ.NIC,7,3,Android,Galaxy S4 (GT-I9515),2.0.41-CZ_0.9.1-master,,,,nat_local_to_public_ipv4,196735,188.75.128,,,true,-61,3600000.0,26095,20500,{111},,,,,,,,
Pe1ddf382-45cf-48dd-b8b7-8ed38d2c8d18,O18d33978-e134-4fe6-b45f-d3f305dee786,2014-11-29 20:45:48,WLAN,WLAN,50.1483582,15.1206731,network,29.645999908447266,,,,,,19964,6231,,,CZ.NIC,7,3,Android,Galaxy S4 (GT-I9515),2.0.41-CZ_0.9.1-master,,,,nat_local_to_public_ipv4,196735,188.75.128,,,true,-53,3600000.0,26095,20500,{111},,,,,,,,
Pe1ddf382-45cf-48dd-b8b7-8ed38d2c8d18,O18d33978-e134-4fe6-b45f-d3f305dee786,2014-11-29 20:45:48,WLAN,WLAN,50.1483582,15.1206731,network,29.645999908447266,,,,,,19964,6231,,,CZ.NIC,7,3,Android,Galaxy S4 (GT-I9515),2.0.41-CZ_0.9.1-master,,,,nat_local_to_public_ipv4,196735,188.75.128,,,true,-53,3600000.0,27894,20500,{111},,,,,,,,
Pdeb3f6e4-bd87-4983-be41-be90bf25dc7d,Ob82b7759-1bbd-4af1-bcd7-edddfe386c5a,2014-11-30 16:09:09,4G,LTE,50.06477652,14.5075373,gps,16.0,,,,,,43788,16641,,-71,CZ.NIC,7,3,Android,LGE Nexus 5,2.0.41-CZ_0.9.1-master,230-02,"O2 - CZ ",230-02,nat_public_to_public_ipv4,5610,37.188.229,,,true,,3600000.0,10309378,1146,{111},,,,,,,,
Pd088cdab-d74f-4c2a-a169-7755a0451e1e,O8f18fc2b-8aca-4efe-920c-488daa951b74,2014-11-30 23:25:37,WLAN,WLAN,49.68434275,18.53131654,gps,13.0,,,,,,6048,433,,,CZ.NIC,7,3,Android,Galaxy S5 (SM-G900F),2.0.41-CZ_0.9.1-master,,,,nat_local_to_public_ipv4,13036,89.24.189,,,true,-70,3600000.0,40922,31014,{111},,,,,,,,
Pd088cdab-d74f-4c2a-a169-7755a0451e1e,O496b833d-16cb-4882-81a5-c07f570b0bfd,2014-11-30 23:27:26,2G,EDGE,49.68414881,18.53186494,gps,16.0,,,,,,38,29,,,CZ.NIC,7,1,Android,Galaxy S5 (SM-G900F),2.0.41-CZ_0.9.1-master,230-03,Vodafone CZ,230-03,nat_local_to_public_ipv4,16019,46.135.6,,,true,-91,3600000.0,40922,31014,{111},,,,,,,,
